DROP DATABASE IF EXISTS FASE_3;

CREATE DATABASE IF NOT EXISTS FASE_3;

USE FASE_3;


CREATE TABLE IF NOT EXISTS PAISES
(
	id INT NOT NULL UNIQUE AUTO_INCREMENT,
	nombre VARCHAR(40) NOT NULL,
    pasaporte BOOLEAN NOT NULL,
    visa BOOLEAN NOT NULL,
	PRIMARY KEY(id)
);

CREATE TABLE IF NOT EXISTS AEROLINEAS
(
	id INT NOT NULL UNIQUE AUTO_INCREMENT,
    nombre VARCHAR(40) NOT NULL,
	PRIMARY KEY(id)
);

CREATE TABLE IF NOT EXISTS AEROPUERTO
(
	nombre VARCHAR(40) UNIQUE NOT NULL,
	direccion VARCHAR(70) NOT NULL,
    codigo_postal INT NOT NULL,
    id_pais INT NOT NULL,
    FOREIGN KEY(id_pais) REFERENCES PAISES(id),
    PRIMARY KEY(nombre)
);

CREATE TABLE IF NOT EXISTS VUELOS
(
	id INT NOT NULL UNIQUE AUTO_INCREMENT,
    puerta_embarque VARCHAR(15) NOT NULL,
    id_aerolinea INT NOT NULL,
    observaciones VARCHAR(20) NOT NULL DEFAULT "A LA HORA",
    FOREIGN KEY(id_aerolinea) REFERENCES AEROLINEAS(id),
	PRIMARY KEY(id)
);


CREATE TABLE IF NOT EXISTS VUELO_AEROPUERTO
(
	id_vuelo INT NOT NULL,
    nombre_aeropuerto VARCHAR(40) NOT NULL,
    FOREIGN KEY(id_vuelo) REFERENCES VUELOS(id),
    FOREIGN KEY(nombre_aeropuerto) REFERENCES AEROPUERTO(nombre),
    PRIMARY KEY(id_vuelo,nombre_aeropuerto)
);

CREATE TABLE IF NOT EXISTS AVION
(
	id INT NOT NULL UNIQUE AUTO_INCREMENT,
    modelo VARCHAR(30) NOT NULL,
	PRIMARY KEY(id)
);


CREATE TABLE IF NOT EXISTS PASAJE
(
	id INT NOT NULL AUTO_INCREMENT UNIQUE,
	precio INT NOT NULL,
    tipo_cabina VARCHAR(30) NOT NULL,
    descuento INT NOT NULL DEFAULT 0,
    precio_original INT NOT NULL DEFAULT 0,
    millas_acumulables INT NOT NULL DEFAULT 0,
    numero_asiento VARCHAR(10) NOT NULL,
    hora_embarque TIME NOT NULL,
    hora_salida TIME NOT NULL,
    hora_llegada TIME NOT NULL,
    fecha_llegada DATE NOT NULL,
    fecha_salida DATE NOT NULL,
    id_pais_destino INT NOT NULL,
    id_pais_inicial INT NOT NULL,
    id_avion INT NOT NULL,
    id_vuelo INT NOT NULL,
    FOREIGN KEY(id_pais_destino) REFERENCES PAISES(id),
    FOREIGN KEY(id_pais_inicial) REFERENCES PAISES(id),
    FOREIGN KEY(id_avion) REFERENCES AVION(id),
	FOREIGN KEY(id_vuelo) REFERENCES VUELOS(id),
    PRIMARY KEY(id)
);

CREATE TABLE IF NOT EXISTS PASAJERO
( 
	id INT NOT NULL AUTO_INCREMENT,
    id_pasaje INT UNIQUE NOT NULL,
	dni VARCHAR(20) UNIQUE NOT NULL,
    numero_viajes INT DEFAULT 0,
	nombres VARCHAR(100)  NOT NULL,
    apellidos VARCHAR(100) NOT NULL,
    sexo BOOLEAN NOT NULL,#VERDADERO HOMBRE, FALSO MUJER
    calle VARCHAR(60) NOT NULL,
    codigo_postal INT NOT NULL,
    numero INT NOT NULL,      
    id_pais INT NOT NULL,
	FOREIGN KEY(id_pasaje) REFERENCES PASAJE(id),
    PRIMARY KEY(id,id_pasaje)
);


CREATE TABLE IF NOT EXISTS PAIS_PASAJERO
(
	id_pais INT NOT NULL,
    id_pasajero INT NOT NULL,
    FOREIGN KEY(id_pais) REFERENCES PAISES(id),
    FOREIGN KEY(id_pasajero) REFERENCES PASAJERO(id),
    PRIMARY KEY(id_pais,id_pasajero)
);

CREATE TABLE IF NOT EXISTS ALIANZA
(
	nombre VARCHAR(40) NOT NULL,
    id_pasajero INT NOT NULL,
    id_aerolinea1 INT NOT NULL,
    id_aerolinea2 INT NOT NULL,
    id_aerolinea3 INT NOT NULL,
    FOREIGN KEY(id_pasajero) REFERENCES PASAJERO(id),
    FOREIGN KEY(id_aerolinea1) REFERENCES AEROLINEAS(id),
    FOREIGN KEY(id_aerolinea2) REFERENCES AEROLINEAS(id),
    FOREIGN KEY(id_aerolinea3) REFERENCES AEROLINEAS(id),
    PRIMARY KEY(nombre,id_pasajero)
);

CREATE TABLE IF NOT EXISTS MILLAS_PASAJERO
(
	id INT UNIQUE NOT NULL,
    millas INT NOT NULL DEFAULT 0,
    FOREIGN KEY(id) REFERENCES PASAJERO(id),
    PRIMARY KEY(id)
);

#vistas

CREATE VIEW Info_Vuelos AS
	SELECT PASAJE.Hora_Salida, AEROLINEAS.nombre, VUELOS.id, PAISES.nombre AS NombrePais, PASAJE.hora_embarque, VUELOS.puerta_embarque, VUELOS.observaciones
    FROM VUELOS
		INNER JOIN PASAJE ON VUELOS.id = PASAJE.id_vuelo
        INNER JOIN AEROLINEAS ON VUELOS.id_aerolinea = AEROLINEAS.id
        INNER JOIN PAISES ON PASAJE.id_pais_destino = PAISES.id;

CREATE VIEW HistorialPasajero as
	SELECT PASAJERO.nombres, PASAJERO.apellidos, PASAJERO.sexo, PASAJERO.dni, MILLAS_PASAJERO.millas, PASAJERO.codigo_postal, PASAJERO.calle, PASAJERO.numero, PASAJERO.numero_viajes
    FROM PASAJERO
		INNER JOIN MILLAS_PASAJERO ON PASAJERO.id = MILLAS_PASAJERO.id;
        
CREATE VIEW REGISTRO_PASAJERO as
	SELECT PASAJERO.nombres, PASAJERO.apellidos, PASAJERO.sexo, PASAJERO.dni, PASAJERO.codigo_postal, PASAJERO.calle, PASAJERO.numero
	FROM PASAJERO;

#---------------------------------------PROCEDIMIENTOS ALMACENADOS-------------------------------------------
#PARA CREAR PASAJES SE TIENE QUE COMPROBAR QUE LA ID DE VUELOS EXISTA
CREATE PROCEDURE InsertarPasaje (id_i INT, precio_i INT, tipo_cabina_i VARCHAR(30), descuento_i INT, millas_acumulables_i INT, numero_asiento_i VARCHAR(10), hora_embarque_i TIME, hora_salida_i TIME, hora_llegada_i TIME, fecha_llegada_i DATE, fecha_salida_i DATE, id_pais_destino_i INT, id_pais_inicial_i INT, id_avion_i INT, id_vuelo_i INT)
INSERT INTO PASAJE VALUES(id_i, precio_i, tipo_cabina_i, descuento_i,0, millas_acumulables_i, numero_asiento_i, hora_embarque_i, hora_salida_i, hora_llegada_i, fecha_llegada_i, fecha_salida_i, id_pais_destino_i, id_pais_inicial_i, id_avion_i, id_vuelo_i);

CREATE PROCEDURE ModificarPasaje (id_i INT, precio_i INT, tipo_cabina_i VARCHAR(30), descuento_i INT, millas_acumulables_i INT, numero_asiento_i VARCHAR(10), hora_embarque_i TIME, hora_salida_i TIME, hora_llegada_i TIME, fecha_llegada_i DATE, fecha_salida_i DATE, id_pais_destino_i INT, id_pais_inicial_i INT, id_avion_i INT, id_vuelo_i INT)
UPDATE PASAJE SET tipo_cabina = tipo_cabina_i, descuento = descuento_i, millas_acumulables = millas_acumulables_i, numero_asiento = numero_asiento_i, hora_embarque = hora_embarque_i, hora_salida = hora_salida_i, hora_llegada = hora_llegada_i, fecha_llegada = fecha_llegada_i, fecha_salida = fecha_salida_i, id_pais_destino = id_pais_destino_i, id_pais_inicial = id_pais_inicial_i, id_avion = id_avion_i, id_vuelo = id_vuelo_i
	WHERE id = id_i;

CREATE PROCEDURE EliminarPasaje (id_i INT)
DELETE FROM PASAJE WHERE id = id_i;
#---------------------------------------FIN PROCEDIMIENTOS ALMACENADOS---------------------------------------

#insercion de datos en aerolineas
INSERT INTO AEROLINEAS VALUES (1000,"Aeromexico"),(1001,"Delta"),(1002,"American Airlines"),(1003,"United"),(1004,"Interjet"),(1005,"Volaris"),(1006,"Southwest Airlines"),(1007,"Copa"),(1008,"Air Canada"),(1009,"Air France"),(1010,"LATAM Airlines Group"),(1011,"Avianca"),(1012,"Viva Aerobus"),(1013,"Iberia"),(1014,"WestJet"),(1015,"Alaska Airlines"),(1016,"Lufthansa"),(1017,"KLM"),(1018,"British Airways (BA)"),(1019,"jetBlue"),(1020,"ANA (All Nippon Airways)"),(1021,"Alitalia"),(1022,"Air Europa"),(1023,"Aerolineas Argentinas"),(1024,"China Southern"),(1025,"Spirit Airlines"),(1026,"Aeromar"),(1027,"Hainan Airlines"),(1028,"SWISS"),(1029,"eurowings"),(1030,"Thomas Cook Airlines"),(1031,"Frontier Airlines"),(1032,"EL AL Israel Airlines"),(1033,"Korean Air"),(1034,"Air Transat"),(1035,"Virgin Atlantic"),(1036,"Qantas"),(1037,"Emirates"),(1038,"Singapore Airlines"),(1039,"Condor"),(1040,"Air New Zealand"),(1041,"Calafia Airlines"),(1042,"Jet Airways"),(1043,"Japan Airlines"),(1044,"Austrian Airlines");
INSERT INTO AEROLINEAS VALUES (1045,"Tuifly.be"),(1046,"Virgin Australia"),(1047,"Sun Country Airlines"),(1048,"Sunwing Airlines"),(1049,"Finnair"),(1050,"TUI"),(1051,"Tropic Air"),(1052,"Neos ir"),(1053,"Blu-express"),(1054,"Maya Island Air"),(1055,"edelweiss air"),(1056,"XL Airways France"),(1057,"TUI.nl"),(1058,"Evelop!"),(1059,"Mayair"),(1060,"Wamos Air"),(1061,"Orbest"),(1062,"Turkish Airlines"),(1063,"Qatar Airways"),(1064,"ANA All Nippon Airways"),(1065,"Cathay Pacific"),(1066,"EVA Air"),(1067,"Etihad Airways"),(1068,"Garuda Indonesia"),(1069,"Thai Airways"),(1070,"Swiss Int'l Air Lines"),(1071,"Qantas Airways"),(1072,"Austrian"),(1073,"Asiana Airlines"),(1074,"Bangkok Airways"),(1075,"Hong Kong Airlines"),(1076,"AirAsia"),(1077,"Cathay Dragon"),(1078,"Norwegian"),(1079,"Aeroflot"),(1080,"Malaysia Airlines"),(1081,"Delta Air Lines"),(1082,"China Airlines"),(1083,"Aegean Airlines"),(1084,"Aer Lingus"),(1085,"jetBlue Airways"),(1086,"British Airways"),(1087,"easyJet"),(1088,"Virgin America"),(1089,"Jetstar Airways"),(1090,"AirAsiaX"),(1091,"Air Astana"),(1092,"Vietnam Airlines"),(1093,"Ethiopian Airlines");
INSERT INTO AEROLINEAS VALUES (1094,"South African Airways"),(1095,"Saudi Arabian Airlines"),(1096,"Azul Brazilian"),(1097,"Oman Air"),(1098,"Porter Airlines"),(1099,"SilkAir"),(1100,"Indigo"),(1101,"LATAM"),(1102,"Scoot"),(1103,"Jetstar Asia"),(1104,"TAP Air Portugal"),(1105,"SAS Scandinavian"),(1106,"Thomson Airways"),(1107,"Philippine Airlines"),(1108,"Brussels Airlines"),(1109,"Copa Airlines"),(1110,"Azerbaijan Airlines"),(1111,"China Eastern"),(1112,"Fiji Airways"),(1113,"Ryanair"),(1114,"Air Mauritius"),(1115,"United Airlines"),(1116,"LOT Polish"),(1117,"Air Seychelles"),(1118,"SriLankan Airlines"),(1119,"Icelandair"),(1120,"Juneyao Airlines"),(1121,"Gulf Air"),(1122,"Air Berlin"),(1123,"Hawaiian Airlines"),(1124,"American Eagle Airlines"),(1125,"Vueling"),(1126,"Air Nostrum"),(1127,"Tigerair"),(1128,"Kenya Airways"),(1129,"Royal Brunei Airlines"),(1130,"Air Malta"),(1131,"Xiamen Airlines"),(1132,"S7 Airlines"),(1133,"Peach"),(1134,"Royal Air Maroc"),(1135,"Air China"),(1136,"Air Canada rouge"),(1137,"Rosa"),(1138,"De la Torre"),(1139,"Cardenas");
INSERT INTO AEROLINEAS VALUES (1140,"Vega"),(1141,"Diaz"),(1142,"Medina"),(1143,"Cerezo"),(1144,"Carrascosa"),(1145,"Carrillo"),(1146,"Sanz"),(1147,"Heras"),(1148,"Sancho"),(1149,"Gilabert"),(1150,"Monge"),(1151,"Granda"),(1152,"Carmona"),(1153,"Guerrero"),(1154,"Gonzalez"),(1155,"Dimitrov"),(1156,"Magan"),(1157,"Nogales"),(1158,"Blanco"),(1159,"Fernandez"),(1160,"Castillo"),(1161,"Felipe"),(1162,"Perez"),(1163,"Rodriguez"),(1164,"Mira"),(1165,"Orellana"),(1166,"Ruiz"),(1167,"Segovia"),(1168,"Agudo"),(1169,"Garcia"),(1170,"Exposito"),(1171,"Benitez"),(1172,"Martinez"),(1173,"Gomez"),(1174,"Roldan"),(1175,"Toledo"),(1176,"Arias"),(1177,"Uria"),(1178,"Cantos"),(1179,"Melendez"),(1180,"Curto"),(1181,"Oliva "),(1182,"Santana"),(1183,"Liebana"),(1184,"Royo"),(1185,"Esteban"),(1186,"Martin"),(1187,"Castro"),(1188,"Montero"),(1189,"Mena"),(1190,"Sanchez"),(1191,"Montes"),(1192,"Torres"),(1193,"Lopez"),(1194,"Marti"),(1195,"Zabala"),(1196,"Alonso"),(1197,"Marfil"),(1198,"Desgener Air"),(1199,"Lockynson Air");
#fin insercion datos aerolinea

#insercion paises
INSERT INTO PAISES (id,nombre,pasaporte,visa) VALUES (1,"﻿Afghanistan ",false,false),(2,"Albania ",false,false),(3,"Algeria ",false,true),(4,"American Samoa ",false,true),(5,"Andorra ",true,false),(6,"Angola ",true,false),(7,"Anguilla ",false,true),(8,"Antigua & Barbuda ",true,false),(9,"Argentina ",false,true),(10,"Armenia ",true,false),(11,"Aruba ",false,false),(12,"Australia ",false,false),(13,"Austria ",true,true),(14,"Azerbaijan ",false,true),(15,"Bahamas, The ",false,false),(16,"Bahrain ",true,false),(17,"Bangladesh ",false,true),(18,"Barbados ",false,false),(19,"Belarus ",true,false),(20,"Belgium ",true,true),(21,"Belize ",true,false),(22,"Benin ",true,true),(23,"Bermuda ",false,false),(24,"Bhutan ",false,false),(25,"Bolivia ",true,false),(26,"Bosnia & Herzegovina ",true,true),(27,"Botswana ",true,false),(28,"Brazil ",false,false),(29,"British Virgin Is. ",false,false),(30,"Brunei ",false,true),(31,"Bulgaria ",true,false),(32,"Burkina Faso ",false,true),(33,"Burma ",false,false),(34,"Burundi ",false,true),(35,"Cambodia ",false,false),(36,"Cameroon ",false,true),(37,"Canada ",true,true),(38,"Cape Verde ",false,false),(39,"Cayman Islands ",true,true),(40,"Central African Rep. ",false,true),(41,"Chad ",true,true),(42,"Chile ",true,true),(43,"China ",true,true),(44,"Colombia ",true,false),(45,"Comoros ",false,false),(46,"Congo, Dem. Rep. ",false,true),(47,"Congo, Repub. of the ",false,true),(48,"Cook Islands ",true,true),(49,"Costa Rica ",false,false),(50,"Cote d'Ivoire ",true,false),(51,"Croatia ",false,false),(52,"Cuba ",true,true),(53,"Cyprus ",false,true),(54,"Czech Republic ",true,false),(55,"Denmark ",false,false);
INSERT INTO PAISES (id,nombre,pasaporte,visa) VALUES (56,"Djibouti ",true,true),(57,"Dominica ",false,true),(58,"Dominican Republic ",false,false),(59,"East Timor ",false,true),(60,"Ecuador ",false,true),(61,"Egypt ",true,true),(62,"El Salvador ",true,false),(63,"Equatorial Guinea ",true,false),(64,"Eritrea ",false,false),(65,"Estonia ",true,false),(66,"Ethiopia ",true,true),(67,"Faroe Islands ",false,false),(68,"Fiji ",true,true),(69,"Finland ",false,false),(70,"France ",true,true),(71,"French Guiana ",false,false),(72,"French Polynesia ",true,false),(73,"Gabon ",false,true),(74,"Gambia, The ",true,true),(75,"Gaza Strip ",false,false),(76,"Georgia ",false,true),(77,"Germany ",true,true),(78,"Ghana ",false,false),(79,"Gibraltar ",true,true),(80,"Greece ",false,false),(81,"Greenland ",false,true),(82,"Grenada ",true,false),(83,"Guadeloupe ",true,true),(84,"Guam ",true,true),(85,"Guatemala ",false,true),(86,"Guernsey ",true,false),(87,"Guinea ",true,true),(88,"Guinea-Bissau ",true,false),(89,"Guyana ",false,true),(90,"Haiti ",true,true),(91,"Honduras ",false,true),(92,"Hong Kong ",false,false),(93,"Hungary ",false,true),(94,"Iceland ",false,true),(95,"India ",true,false),(96,"Indonesia ",true,true),(97,"Iran ",false,true),(98,"Iraq ",false,false),(99,"Ireland ",false,false),(100,"Isle of Man ",false,true),(101,"Israel ",true,true),(102,"Italy ",false,false),(103,"Jamaica ",false,false),(104,"Japan ",true,false),(105,"Jersey ",false,true),(106,"Jordan ",true,true),(107,"Kazakhstan ",true,true),(108,"Kenya ",false,false),(109,"Kiribati ",true,true),(110,"Korea, North ",true,true);
INSERT INTO PAISES (id,nombre,pasaporte,visa) VALUES (111,"Korea, South ",true,false),(112,"Kuwait ",true,false),(113,"Kyrgyzstan ",true,false),(114,"Laos ",true,true),(115,"Latvia ",false,false),(116,"Lebanon ",true,false),(117,"Lesotho ",false,false),(118,"Liberia ",true,false),(119,"Libya ",false,true),(120,"Liechtenstein ",true,true),(121,"Lithuania ",false,true),(122,"Luxembourg ",false,false),(123,"Macau ",false,true),(124,"Macedonia ",true,true),(125,"Madagascar ",false,true),(126,"Malawi ",true,false),(127,"Malaysia ",true,true),(128,"Maldives ",true,false),(129,"Mali ",false,false),(130,"Malta ",true,false),(131,"Marshall Islands ",true,false),(132,"Martinique ",false,false),(133,"Mauritania ",false,true),(134,"Mauritius ",true,false),(135,"Mayotte ",false,true),(136,"Mexico ",false,true),(137,"Micronesia, Fed. St. ",false,false),(138,"Moldova ",true,false),(139,"Monaco ",true,true),(140,"Mongolia ",false,true),(141,"Montserrat ",false,true),(142,"Morocco ",true,false),(143,"Mozambique ",false,false),(144,"Namibia ",true,false),(145,"Nauru ",true,true),(146,"Nepal ",true,false),(147,"Netherlands ",true,true),(148,"Netherlands Antilles ",true,true),(149,"New Caledonia ",false,false),(150,"New Zealand ",false,false),(151,"Nicaragua ",true,false),(152,"Niger ",false,true),(153,"Nigeria ",true,false),(154,"N. Mariana Islands ",true,true),(155,"Norway ",false,true),(156,"Oman ",true,true),(157,"Pakistan ",true,true),(158,"Palau ",false,false),(159,"Panama ",true,true),(160,"Papua New Guinea ",false,false);
INSERT INTO PAISES (id,nombre,pasaporte,visa) VALUES (161,"Paraguay ",true,false),(162,"Peru ",true,false),(163,"Philippines ",false,true),(164,"Poland ",true,false),(165,"Portugal ",true,true),(166,"Puerto Rico ",false,false),(167,"Qatar ",true,true),(168,"Reunion ",false,true),(169,"Romania ",true,false),(170,"Russia ",true,true),(171,"Rwanda ",true,true),(172,"Saint Helena ",true,false),(173,"Saint Kitts & Nevis ",true,true),(174,"Saint Lucia ",false,true),(175,"St Pierre & Miquelon ",false,true),(176,"Saint Vincent and the Grenadines ",true,false),(177,"Samoa ",false,true),(178,"San Marino ",false,true),(179,"Sao Tome & Principe ",true,false),(180,"Saudi Arabia ",true,true),(181,"Senegal ",false,true),(182,"Serbia ",true,false),(183,"Seychelles ",false,false),(184,"Sierra Leone ",false,false),(185,"Singapore ",false,true),(186,"Slovakia ",true,true),(187,"Slovenia ",false,true),(188,"Solomon Islands ",false,false),(189,"Somalia ",false,true),(190,"South Africa ",true,true),(191,"Spain ",false,false),(192,"Sri Lanka ",true,true),(193,"Sudan ",true,false),(194,"Suriname ",true,true),(195,"Swaziland ",true,true),(196,"Sweden ",true,true),(197,"Switzerland ",true,true),(198,"Syria ",false,true),(199,"Taiwan ",false,false),(200,"Tajikistan ",false,false),(201,"Tanzania ",true,false),(202,"Thailand ",false,false),(203,"Togo ",true,true),(204,"Tonga ",false,false),(205,"Trinidad & Tobago ",false,false),(206,"Tunisia ",true,false),(207,"Turkey ",true,true),(208,"Turkmenistan ",false,false),(209,"Turks & Caicos Is ",false,false),(210,"Tuvalu ",false,true),(211,"Uganda ",false,true),(212,"Ukraine ",true,true),(213,"United Arab Emirates ",false,false),(214,"United Kingdom ",true,false),(215,"United States ",true,true),(216,"Uruguay ",true,false),(217,"Uzbekistan ",true,false),(218,"Vanuatu ",true,false),(219,"Venezuela ",false,false),(220,"Vietnam ",true,true),(221,"Virgin Islands ",true,false),(222,"Wallis and Futuna ",true,true),(223,"West Bank ",true,true),(224,"Western Sahara ",true,true),(225,"Yemen ",false,false),(226,"Zambia ",false,true),(227,"Zimbabwe",false,true);
#fin insercion paises

#insercion avion
INSERT INTO AVION (id,modelo) VALUES (1,"S8G 5K6"),(2,"M4D 3Q8"),(3,"L5L 6Y8"),(4,"C0E 9O3"),(5,"L7J 1Q9"),(6,"V0J 7O8"),(7,"G4Z 6I8"),(8,"T9G 6N7"),(9,"E8Z 1B8"),(10,"S9X 1G7"),(11,"M3E 1S9"),(12,"B5I 4R0"),(13,"E8R 7M0"),(14,"A1L 5U1"),(15,"Q3W 4B0"),(16,"W1B 8Q2"),(17,"A2D 4Z3"),(18,"V7I 4U6"),(19,"Y5P 3V2"),(20,"D3S 3N3"),(21,"V1N 2R9"),(22,"B9I 2N2"),(23,"N3F 9S5"),(24,"X0D 6I5"),(25,"H7E 4G9"),(26,"E2G 4P4"),(27,"S0V 1L4"),(28,"U7A 1G1"),(29,"Y2Q 8K5"),(30,"E7D 6O2"),(31,"D2Z 9U5"),(32,"Q4R 9W0"),(33,"P6P 7S2"),(34,"A8X 0C4"),(35,"W2K 1C5"),(36,"G4Z 3F5"),(37,"D1W 9Z6"),(38,"F8W 3P8"),(39,"X4A 1N9"),(40,"V7H 3J1"),(41,"W4O 2N7"),(42,"G1J 1X0"),(43,"E2E 0O8"),(44,"Q6S 5C4"),(45,"O7A 1D8"),(46,"N7B 9D6"),(47,"H2A 3M4"),(48,"U2T 1V5"),(49,"A5H 6W8"),(50,"P6R 1S5");
INSERT INTO AVION (id,modelo) VALUES (51,"V6R 9U7"),(52,"A1G 1O5"),(53,"Z6L 9H7"),(54,"D2S 2K0"),(55,"R0M 0A1"),(56,"Z8K 4L5"),(57,"K1Y 1J0"),(58,"C3C 2W4"),(59,"A5E 5V5"),(60,"Z1O 5E2"),(61,"H4P 5K2"),(62,"W9L 4N4"),(63,"V2E 1C8"),(64,"G9T 9I4"),(65,"C3U 4N2"),(66,"A7W 2R5"),(67,"A6Z 5U1"),(68,"B9Z 1E0"),(69,"H7B 3F9"),(70,"D7A 3B5"),(71,"J5X 7H6"),(72,"Y8N 4K9"),(73,"S5U 0K3"),(74,"B4P 8C7"),(75,"G8I 8S7"),(76,"C2T 3P7"),(77,"J1F 9U2"),(78,"N7B 4U8"),(79,"S1X 3L0"),(80,"H8V 7U2"),(81,"V1E 3Q8"),(82,"F1U 6R9"),(83,"M7E 6D5"),(84,"P2L 8F6"),(85,"O4F 3H8"),(86,"U2J 7N7"),(87,"K2S 3F4"),(88,"F4Z 5N6"),(89,"F0R 3O8"),(90,"T0E 1R4"),(91,"U1E 1P0"),(92,"E8Y 1Y3"),(93,"V5O 5S9"),(94,"U0S 3M4"),(95,"C2A 1F3"),(96,"G8D 1G9"),(97,"E8R 4F4"),(98,"F2I 0W1"),(99,"C7O 4B1"),(100,"V0N 3G4");
INSERT INTO AVION (id,modelo) VALUES (101,"U9S 9O2"),(102,"M2L 9X0"),(103,"I5B 1Y1"),(104,"X1B 5U5"),(105,"K4T 5U4"),(106,"K9K 9C5"),(107,"S9J 3N8"),(108,"M3A 0B3"),(109,"H4D 1G2"),(110,"A2J 0W1"),(111,"P5J 4X3"),(112,"E3W 9Y1"),(113,"R8Y 1V4"),(114,"S7A 3K1"),(115,"O3X 7T9"),(116,"Q4V 9N9"),(117,"O3O 1Q9"),(118,"D3J 7C2"),(119,"A5E 9R3"),(120,"V2G 2Q0"),(121,"O6D 4I6"),(122,"Y8L 9W0"),(123,"J7S 0F0"),(124,"T3I 2V0"),(125,"C8U 7S9"),(126,"N9K 9G2"),(127,"C9I 8N1"),(128,"G0W 8P3"),(129,"I5F 5V5"),(130,"S4B 5W9"),(131,"O0L 9Y3"),(132,"Z0P 1J8"),(133,"E4W 2P1"),(134,"C5I 9L2"),(135,"Y2V 6K0"),(136,"M6F 3I4"),(137,"Y0A 4T5"),(138,"C8S 7Z2"),(139,"R4D 6D1"),(140,"U1A 7A2"),(141,"Q4I 6J3"),(142,"R1P 1V7"),(143,"Y2V 7E1"),(144,"M4W 9J2"),(145,"D1P 9S5"),(146,"H6G 4G8"),(147,"W9U 2X0"),(148,"Z5A 5D8"),(149,"B9H 1Q7"),(150,"H9X 1Y4");
INSERT INTO AVION (id,modelo) VALUES (151,"C5J 5J4"),(152,"O9A 2S6"),(153,"L1J 2W9"),(154,"I8X 9J8"),(155,"K1G 2A5"),(156,"O2J 9T2"),(157,"N5Y 5J8"),(158,"X6W 5D1"),(159,"K9J 1B1"),(160,"L5O 5V4"),(161,"B9D 5N3"),(162,"R7D 8U1"),(163,"L5R 0T8"),(164,"P4H 9E8"),(165,"C7G 1U2"),(166,"Z7S 9S5"),(167,"T5C 2Z1"),(168,"L7C 8O8"),(169,"Q5P 9A5"),(170,"M3A 2T8"),(171,"N7N 0O5"),(172,"K5O 3U9"),(173,"N7E 7W7"),(174,"H9Q 0H9"),(175,"R9I 5O7"),(176,"M1A 8R8"),(177,"C0L 6A0"),(178,"R2S 3X9"),(179,"S2B 8F3"),(180,"M1F 5E6"),(181,"Q7C 1W4"),(182,"O6V 6F0"),(183,"I7O 7B8"),(184,"N9P 4D2"),(185,"D0V 2G4"),(186,"N1N 7X5"),(187,"B7S 7B6"),(188,"U9K 0A6"),(189,"Y9N 1P2"),(190,"O9I 9A2"),(191,"U8Q 1G6"),(192,"H6F 6T5"),(193,"D6X 0L2"),(194,"Y9B 8P4"),(195,"L8H 8Q8"),(196,"B1W 1M7"),(197,"R6V 3L3"),(198,"F5C 9X6"),(199,"L5S 1C0"),(200,"B2K 6P3");
#fin insercion avion

#insercion aeropuerto
INSERT INTO AEROPUERTO VALUES ("AOL","AV. 20 DE NOVIEMBRE NO. 1291",119074,9),("ANR","C. GUADALUPE VICTORIA NO 373",762842,20),("DOU","Avenida el Bullicio Ácido 212, 4º 5ª",538197,28),("DIQ","Plaza Experimento Azul 13, 4º",460356,28),("GYP","AV. 5 DE MAYO NO 1850",272694,12),("JUR","BENITO JUAREZ 25",905638,12),("HRZ","Plaza Brevedad 231, 4",307798,28),("FEN","Paseo Prohibición Santa 266, 4",800046,28),("JNZ","Avenida Conjunción Bonita 68, 6",960505,43),("DCF","Calle Adjudicación 144, 2",377550,57),("INM","AV. INDEPENDENCIA NO 1950",15996,12),("EMX","INDEPENDENCIA NO. 717",684998,9),("CCO","Paseo de la Predación 18, 6",581045,44),("DBB","Paseo Vivíparo Rojo 1, 2",145749,61),("JHN","Avenida  Partenogénesis 53, 2",208692,43),("CZB","Paseo Vulnerable Moderno 12, 6",634892,28),("BQL","AV. INDEPENDENCIA NO.117 ESQ.ARISTA",782018,12),("JIB","Avenida Definición Abstracta 207, 3º",712088,56),("CSD","MATAMOROS 2",841758,12),("HRY","CALLE SEBASTIAN ORTIZ NO 690",388130,12),("DGA","CALLE PRINCIPAL S/N.",780264,21),("BRB","Calle Transporte Abierto 241, 4",143566,28),("BHS","AV. INDEPENDENCIA NO. 497",409619,12),("CES","CALLE MORELOS NO. 330 INT.2",540110,12),("DBO","KM.5 CARRET.TUX-PTE. CARACOL",908505,12),("HIP","MATAMOROS NO. 325",625112,12),("ENH","Calle Residencia Joven 76, 5",721709,43),("CXH","Plaza Abstracción 26, 1",889407,37),("CLV","Calle la Presencia Independiente 226, 3º",43166,28),("CNR","Paseo Conversión 282, 5",264206,42),("GMC","Plaza Adherencia Independiente 50, 6º 2ª",843873,44),("CCI","Calle  Verosímil Generoso 20, 6",701025,28),("CHG","Calle Hamaca Joven 186, 6º",954244,43),("BAC","Calle Astringente 231, 4º 1ª",926070,44),("AUA","AV. PRINCIPAL S/N.",55032,11),("HNK","AV. 5 DE MAYO NO. 1400",365206,12),("IPU","Calle el Bisiesto 36, 6º 1ª",182579,28),("BGV","Calle Triptongo 250, 4",392818,28),("IDO","Paseo  Sabiduría 203, 4º",883176,28),("BSB","Avenida la Necesidad Menguante 158, 1º 5ª",678270,28),("IJU","Calle del Estival Honesto , 4",472172,28),("CTP","Avenida el Guía 0, 5",122052,28),("CUO","Avenida Plancton 146, 3",359557,44),("BMP","AV. INDEPENDENCIA NO.745-BIS",904087,12),("DNH","Paseo del Mesías 188, 1",126731,43),("CIM","Calle  Presencia 2, 1º 6ª",334372,44),("BGK","MIGUEL HIDALGO NO 689",924098,21),("JNI","AV. LIBERTAD NO. 56",397649,9),("JSR","INDEPENDENCIA NO. 409",754066,17),("CVE","Plaza de la Aliteración Aburrida 63, 4",190953,44),("BSS","Plaza el Tubérculo Ácido 65, 3",450674,28),("GME","AV. JESUS CARRANZA NO. 812",666988,19),("FSL","DOMICILIO CONOCIDO S/N.",402783,12),("CQP","AV. LIBERTAD NO. 1046",483267,12),("CGO","Paseo Aposición 63, 1",68896,43),("IWH","MATAMOROS 40",288588,12),("CZH","AV. 5 DE MAYO NO 1721",259458,21),("INN","BENITO JUAREZ NO 25",192998,13),("ENB","AV. REFORMA NO.587",373567,12),("BBE","BLVD. BENITO JUAREZ NO. 1291",703745,12),("CGH","Paseo  Bullicio Joven 203 bis, 5º",872363,28),("AFI","Paseo de  Bacilo 108, 2",94443,44),("CIJ","PROL. AV. 5 DE MAYO NO. 1145- A",592183,25),("BZE","BLVD. BENITO JUAREZ NO 568",590725,21),("JGN","Plaza del Jilguero 14, 2º 2ª",885967,43),("HAK","Avenida Adjudicación 282, 1º",4086,43),("DRR","AV. 5 DE MAYO NO 1189",303335,12),("IUM","Plaza Vellosidad Valiente 3, 4º",603943,37),("GNR","CALLE OCAMPO NO. 231",735681,9),("HSM","PROL. AV 5 DE MAYO NO 109",779628,12),("DYG","Paseo del Mesías Cruel 186 bis, 1",945629,43),("AGY","BOULEVAR BENITO JUAREZ NO. 197 -A",887027,12),("INC","Plaza de  Bisectriz 162, 5",341991,43),("FIK","20 DE NOVIEMBRE NO. 1858",565208,12),("FLY","MATAMOROS 127",22748,12),("APB","AV. INDENDENCIA NO. 1381",217140,25),("JIA","Calle el Asia 218, 2º 5ª",854383,28),("BRA","Plaza  Disección 273, 3",496324,28),("COC","OCAMPO 254-B",340906,9),("EIH","AV.INDEPENDENCIA NO 623",137655,12),("EOH","Calle Parsimonia Honesta 107, 4",518598,44),("BIN","CALLE AGUSTIN LARA NO. 69-B",671125,1),("GAA","Calle de la Subvención Blanca 57, 4º 6ª",951897,44),("AYQ","AV. 18 DE MARZO ESQ. BLVD.M. AVILA CAMACHO NO. 1372",77242,12),("BSJ","AV. INDEPENDENCIA NO. 413",308316,12),("EMY","Paseo de la Precipitación Mentirosa 4, 1",387601,61),("BPG","Calle Bisectriz 188, 3",513862,28),("CXJ","Plaza lo Adyacente Artístico 124, 1º 3ª",117768,28),("CIF","Paseo el Cautiverio 83, 4",851870,43),("ARS","Calle del Divisible Hermoso 10, 2",562021,28),("CBY","AV. 20 DE NOVIEMBRE NO. 1139-B",88274,12),("APX","Avenida Carnívoro Gentil 146 bis, 4º",344856,28),("CSW","Paseo  Predisposición Lista 214, 5",117819,28),("CTU","Plaza el Abecedario 6, 3º",364820,43),("HMI","Calle  Acrobacia Eficiente 276, 2º 6ª",415144,43),("COB","ALDAMA NO. 720",157389,12),("GIR","Calle  Reconocimiento 112, 6",953260,44),("ESI","Avenida de  Clásico 2, 5º",520188,28),("HCQ","AV. 20 DE NOVIEMBRE ESZ SANTOS",907061,12),("BZD","CALLE MATAMOROS NO.29-3",952378,12),("GAH","AV. INDEPENDENCIA NO. 568",25487,12),("DNG","AV. 20 DE NOVIEMBRE NO 1225",834922,12),("FVR","DOMICILIO CONOCIDO KM.21",321236,12),("ATM","Avenida Clavícula Sincera 254, 3",189665,28),("CAC","Calle Derivación Buena 282, 3º 1ª",509136,28),("AQM","Calle el Servicio Gordo 40, 4",926438,28),("CJD","Plaza  Beatificación 5, 5º",881416,44),("CRC","Paseo el Herbívoro Menguante 30, 3º 2ª",883672,44),("HEA","AV. 20 DE NOVIEMBRE NO 1053",711669,1),("EPA","18 DE MARZO NO. 1111",625177,9),("DHD","AV. INDEPENDENCIA NO 511 A",108781,12),("ISI","AV. 5 DE MAYO NO 954",392015,12),("JUZ","Plaza Jurisdicción Responsable 5, 3",641212,43),("CFS","AV. 5 DE MAYO NO. 1401",251092,12),("ALT","Avenida Absolución 58, 6º 6ª",70048,28),("CML","AV. INDEPENDENCIA N0.900",858865,12),("DGF","Paseo Frugívoro 136, 1º 5ª",690361,37),("CLH","AV. INDEPENDENCIA NO. 1811",93554,12),("HRR","Plaza Jurisdicción Persistente 2, 4",372118,44),("JHL","Plaza Expedición 18, 3º 1ª",435588,37),("HAT","AV. 5 DE MAYO No. 1763",585876,12),("BVZ","LIBERTAD 56",978498,12),("IGO","Plaza Reconocimiento 20, 1º",675232,44),("CUC","Calle del Nucela 204, 5",213368,44),("IMZ","BLVD. BENITO JUAREZ NO. 1466-A",73144,1),("HYN","Calle Convocatoria Honesta 17, 4",824894,43),("ANF","Avenida Bifurcación 6, 5º 2ª",28203,42),("DBV","Calle Hemograma Dulce 271, 6º",866213,51),("CZY","INDEPENDENCIA 623",666189,12),("BBK","ARTEAGA NO 729",133811,27),("AAI","Pasaje Bussejaríem, 112B",371042,28),("DUO","Calle de  Bélico Enfermo 116, 6",357639,37),("ECN","Calle Verbo Independiente 108, 3",140047,53),("GIC","C. MARINA HERNANDEZ N. 5",972573,12),("CGP","AV. 5 DE MAYO ESQ. MATAMOROS NO 1070",36602,17),("ATF","Paseo de  Votación Dulce 25, 4º 5ª",776634,60),("ITP","Avenida Débil 28, 3º",919692,28),("DMT","Calle de lo Desastroso 202, 2º 4ª",490830,28),("EUC","AV. INDEPENDENCIA NO. 377",646035,12),("GLY","CALLE ALDAMA NO 64",657763,12),("JCB","Paseo la Vacuna 16, 5º 5ª",568346,28),("DAK","Plaza  Abrasivo 70, 2",641134,61),("GSC","DANIEL SOTO NO 354",157810,12),("CRH","AV. INDEPENDENCIA NO.587",417089,12),("AMX","CALLE MATAMOROS NO. 225",955665,12),("FVL","AV. INDEPENDENCIA NO. 1029",264867,12),("FYN","Calle de la Expresiva Joven 248, 2º",928613,43),("CUG","AV. 20 DE NOVIEMBRE ESQ.EMILIANO ZAPATA S/N",851708,12),("CTL","BLVD. BENITO JUAREZ ESQ. IGNACIO MATIAS S/N.",74713,12),("HBA","CALLE OCAMPO NO.",664720,12),("CNI","Paseo Septentrional 104, 6º",607176,43),("GOQ","Paseo Agudizamiento 181, 6º 3ª",224576,43),("JIL","Paseo Clavo Culto 143, 3º 4ª",953582,43),("GXX","Avenida la Pretensión Alba 33, 1º",3703,36),("BVL","AV. MANCILLA ESQ. ALDAMA S/N",287917,25),("GYN","Paseo Histológico 143, 6",285909,28),("CGV","AV. INDEPENDENCIA N0.1166",455465,12),("CFH","AV 5 DE MAYO 659",279366,12),("DNB","GUERRERO ESC MURO",629661,12),("IQM","Calle de la Envoltura 178, 3",568101,43),("CYO","Avenida  Veracidad Seria 68, 5",524742,52),("CQS","Paseo Estratega 284, 3º",961352,28),("HKV","Calle Sinalefa Artística 218, 1º",541099,31),("GXQ","Plaza la Reverencia Sabia 188, 6º",511587,42),("IRG","ADOLFO LOPEZ MATEOS NO 25",675013,12);
INSERT INTO AEROPUERTO VALUES ("CIH","Avenida del Monocárpico Alto 2, 6",567383,43),("GOW","Paseo Citoplasma 20, 6",912906,37),("IDK","AV. INDEPENDENCIA NO 171",78404,12),("BQB","AV. 5 DE MAYO NO.1380",871712,12),("CWR","KM 1 CARRETERA A TUXTEPEC PTE EL CARACOL",465942,12),("BFH","Calle Colección Pequeña 24, 6",325996,28),("ASP","AV. LIBERTAD NO. 956",246178,12),("CNC","20 DE NOVIEMBRE 1371",570206,12),("EVO","AV. INDEPENDENCIA NO. 374",621181,12),("BAI","Plaza Sucesión Moderna 81, 1",73078,49),("CKG","Avenida de la Morfología 145, 2",88483,43),("HIS","AV. INDEPENDENCIA NO. 1001",238675,12),("AKA","Paseo Libertad Ordenada 274, 2",861629,43),("BRU","AV. JESUS CARRANZA NO.1063",584676,20),("BJO","AV. INDEPENDENCIA NO. 346",806580,25),("GNZ","AV. 20 DE NOVIEMBRE NO 1137",461350,27),("CCP","Paseo la Adherencia Azul 11, 1",614373,42),("CCT","AV. 20 DE NOVIEMBRE NO.1896",941339,9),("HOH","AV. 20 DE NOVIEMBRE NO. 1210",440769,13),("GPB","Paseo de lo Abovedado 32, 5",762267,28),("GEX","INDEPENDENCIA NO. 241",237220,12),("HID","AV. INDEPENDENCIA N0.691",40896,12),("BCA","Plaza  Tragicomedia 31, 2º",520466,52),("GAO","Plaza  Adivinanza Hermosa 208, 6º 1ª",827208,52),("ECO","Avenida la Decadencia Compasiva 188, 3º 6ª",759086,44),("BBA","Avenida Asia Independiente 5, 2º",438664,42),("DKV","JESUS CARRANZA 991",935415,12),("GFF","KM. 13 CARR. MIGUEL ALEM¦N",91777,12),("AUU","PRINCIPAL S/N. TEMAZCAL.",807437,12),("BZL","AV. 5 DE MAYO NO. 631",830426,17),("BNK","AV. JESUS CARRANZA NO. 123",64078,12),("EMD","CALLE ITURBIDE NO. 52",640109,12),("ARR","INDEPENDENCIA 748",374912,9),("JHQ","AV. 20 DE NOVIEMBRE NO. 1371",588160,12),("BLC","Paseo la Basílica 16, 4",828894,36),("BUY","AV. 1O. DE MAYO NO. 29",891561,12),("AQA","Calle  Agilidad 104, 1º 2ª",213666,28),("ICR","Paseo Génesis 135, 6º",272322,52),("BVM","Paseo Abdicación Compasiva 84, 3º 3ª",457497,28),("BHA","Calle Covalente Blanco 114, 5º",128089,60),("BME","AV. 20 DE NOVIEMBRE NO. 1027",644297,12),("ASA","Avenida la Presencia Inquebrantable 272, 3",634330,64),("DAZ","CARRETERA A LOMA ALTA S/N.",62372,1),("CDJ","Paseo Lumen Cruel 25, 4",270214,28),("CBI","MATAMOROS No. 138",66338,12),("EXM","AV. INDEPENDENCIA NO. 727",53271,12),("FBE","Plaza Oposición 18, 3",301253,28),("JCR","Calle Óvulo Listo 256, 3º 5ª",619610,28),("CNF","Avenida Abstracto Bonito 186, 1º",848555,28),("EDR","AV. INDEPENDENCIA NO. 701",340819,12),("BQW","20 DE NOVIEMBRE 1501",269337,12),("DLU","Paseo Beatificación 147, 5",516927,43),("CGB","Plaza la Pretensión 24, 5",255299,28),("BUN","Calle  Experimento 58, 4º 5ª",694376,44),("GLI","INDEPENDENCIA 824",439830,12),("BWB","CALLE MELCHOR OCAMPO NO. 635",859633,12),("CAZ","AV. FERROCARRIL S/N.",693689,12),("EVH","AV. 20 DE NOVIEMBRE NO.772",962986,12),("BVX","INDEPENDENCIA NO. 569 B",282850,12),("FTE","AV. INDEPENDENCIA NO. 85",408122,9),("GPI","Paseo Parsimonia Grande 261, 5",384347,44),("CZS","Paseo Graffiti Interesante 75, 5º 4ª",929954,28),("CTC","AV. LIBERTAD NO. 34",430966,9),("ABG","AV. INDEPENDENCIA NO. 545-D",790028,12),("INJ","AV. JESUS CARRANZA NO. 60",118712,12),("AIR","Avenida la Bulimia 132, 5º 2ª",489826,28),("CIE","AV. 20 DE NOVIEMBRE NO. 964",461242,12),("ADL","KM.13 CARRET. CD. ALEMAN-TUXTEPEC",819381,12),("DGE","AV. INDEPENDENCIA NO.908",62703,12),("GER","Calle Traslación Liberal 106, 4º",260183,52),("CXT","AV. 20 DE NOVIEMBRE 813",940392,12),("BPL","Avenida Nacimiento Eficiente 53, 4",353951,43),("CNB","CALLE ALDAMA NO.53",878555,12),("GBE","BLVD. BENITO JUAREZ ESQ. AV. 5 DE MAYO NO 670",963515,27),("ARY","AV. INDEPENDENCIA NO. 565-A",587325,12),("BLN","AV. 20 DE NOVIEMBRE NO. 1105 ESQ.OCAMPO",405509,12),("CLN","Plaza del Nobiliario Malo 145, 3º",22600,28),("AVI","Paseo del Anhídrido 168, 4º 1ª",673342,52),("GLM","AV INDEPENDENCIA NO 1189",486567,12),("ITJ","Calle de  Adicción Suculenta 48, 4",297902,28),("BHT","AV. INDEPENDENCIA NO. 497",840599,12),("DOX","AV. 5 DE MAYO NO. 357",509199,12),("ITE","Plaza de la Improvisación Buena 224, 6º 6ª",211142,28),("IMP","Avenida Plancton Dulce 220, 3",626195,28),("GGS","CALLE MATAMOROS NO. 237",564294,9),("DZU","Avenida Biblia Dulce 136, 5º 3ª",845795,43),("APY","Plaza el Hitita 140, 5º 1ª",543698,28),("DJA","BLVD. BENITO JUAREZ 1684",981379,22),("DSC","Plaza Intervención Etérea 15, 4º 3ª",212586,36),("CUT","AV. 20 DE NOVIEMBRE NO. 1020",303852,9),("BWK","Avenida Omnisciente Feo 61, 3º",751419,51),("BWU","AV. 5 DE MAYO 1634",765429,12),("FON","Calle Adversidad Arriesgada 8, 3º 5ª",330392,49),("BWT","AV. 5 DE MAYO NO. 1637",292191,12),("CMA","CALLE OCAMPO NO.266",273013,12),("CAF","Paseo de la Grandiosidad 284, 6º",910876,28),("COO","CALLE SEBASTIAN ORTIZ NO.849",425253,22),("ITB","Plaza Arteriosclerosis 155, 3º",807130,28),("ABS","Avenida del Sustantivo Azul 12, 2º 6ª",896130,61),("GSN","AV. INDEPENDENCIA NO 117",566481,12),("JWA","INDEPENDENCIA NO 1231 A",579191,27),("AOD","Paseo Omisión Fea 178, 2º",968946,41),("AYC","Calle  Votación Veloz 100, 4",687123,44),("CCQ","Calle Nueva 208, 5",621220,28),("CAU","Calle Agilidad Baja 214, 4",469304,28),("BEU","INDEPENDENCIA NO. 605",95274,12),("ARU","Plaza de  Verosímil 6, 6º",533084,28),("CLX","5 DE MAYO 1660",648328,9),("GBV","AV. 5 DE MAYO NO. 1259",118770,12),("BIW","AV INDEPENDENCIA NO. 545-B",887108,12),("JOI","Calle Evangelio Santo 118, 4",921673,28),("ACD","Calle Perezoso 2, 6º",802725,44),("ECH","AV. JESUS CARRANZA NO.765",490272,12),("IKP","CENTRO PINERO",28454,12),("BSD","Paseo Responsabilidad Nueva 72, 1º",783119,43),("AUD","AV. LIBERTAD NO. 897",831145,12),("BLS","CALLE MATAMOROS NO. 147",567370,12),("HOS","CALLE MORELOS NO. 44",418121,9),("CPO","Calle de  Azteca Mentiroso 102, 2º",699073,42),("GPN","C 1O DE MAYO NO 4",811943,12),("BKQ","BLVD. MANUEL AVILA CAMACHO 435",1316,12),("CDA","AV. INDEPENDENCIA No. 393",348303,12),("AMO","Plaza Autoadhesivo Inteligente 271, 6º 4ª",240155,41),("BAH","CALLE JUAREZ NO. 855",757662,16),("BYR","Paseo la Transcripción Eficiente 222, 3",21776,55),("CPH","Paseo Imprescindible 126 bis, 3º",962132,55),("GTT","MATAMOROS NO 149",162142,12),("BQQ","Paseo Escenografía 187, 4º",540938,28),("FLB","Paseo Acribillamiento 284, 3º",662731,28),("DOM","Avenida Intraespecífica Difícil 14, 2º 1ª",211934,57),("COY","LIBERTAD NO. 1046",462177,12),("CTG","Plaza  Transporte Feo 113, 2º",393366,44),("ESM","Calle de  Intervención Fácil 70, 4º",635150,60),("CFC","Calle Democracia 27, 1",292018,28),("JPR","Avenida de la Abstinencia 160, 1",191931,28),("ELO","CALLE MATAMOROS NO. 2-B",304035,9),("DFP","AV. INDEPENDENCIA NO. 584",734264,12),("APS","Paseo Sinalefa 287, 5º 1ª",747770,28),("CRL","AV. INDEPENDENCIA NO. 246",27716,20),("BRT","AV. INDEPENDENCIA NO. 611",69694,12),("BVW","AV. INDEPENDENCIA NO.147",857241,12),("CNS","CALLE HIDALGO NO. 501",546929,12),("BVK","ALDAMA ESQ. 20 DE NOVIEMBRE",279969,25),("CFP","AV. 20 DE NOVIEMBRE NO. 1070",238564,12),("CPD","AV. INDEPENDENCIA NO 1023",898497,12),("BFX","Paseo Zootecnia Estudiosa 238, 4º 4ª",582350,36),("FUO","Avenida Interespecífica 103 bis, 1",986139,43),("ALQ","Paseo la Estrella Pequeña 101, 2º",519340,28),("ABM","MATAMOROS NO. 327",558254,12),("IVR","INT. PASAJE COMERCIAL LOCAL No. 4",411448,12),("GJM","Paseo  Hidrólisis Vieja 207 bis, 2",398980,28),("EVL","AV. LIBERTAD NO. 1961",276709,14),("ELT","Paseo Posesión 76, 6",835388,61),("FRB","BLVD.BENITO JUAREZ NO. 42-C",772948,12),("AWP","AV. 5 DE MAYO NO. 551",561694,12),("HTI","AV. INDEPENDENCIA NO 531",153237,12),("IRD","AV. INDEPENDENCIA NO. 409",628495,17),("DRW","BLVD. BENITO JUAREZ NO 439 B",631711,12);
INSERT INTO AEROPUERTO VALUES ("DIG","Paseo la Concesión 22, 1º",986206,43),("GTS","MARIANO ARISTA NO 454",949223,12),("CCN","AV. 20 DE NOVIEMBRE NO.1024",18629,1),("AMC","Calle de  Hidrólisis Baja 50, 2º",299833,41),("GID","CARR. A OJITLAN NO. 951-A",144206,22),("ACR","Calle Complicación Prolija 2, 4º",169759,44),("ANT","AV. 1O. DE MAYO NO. 102",764325,13),("APU","Calle lo Cóncavo 233 bis, 5º",398558,28),("FEJ","Avenida de  Vesícula Menguante 173, 6º 4ª",768649,28),("ECR","Plaza Circunstancial 31, 5º",136636,44),("HLV","AV. 5 DE MAYO NO 1911",936433,12),("DDI","INDEPENDENCIA NO. 377",912276,12),("DYL","AV. JESUS CARRANZA NO.73",377230,12),("AJN","Plaza la Discordancia 261, 4º 4ª",473662,45),("BST","AV. INDEPENDENCIA NO. 779",44585,1),("BHY","Paseo Prevención Brillante 270, 6º",340541,43),("DRB","AV. INDEPENDENCIA NO. 427",590893,12),("GNE","BLVD. BENITO JUAREZ NO 2222 ESQ. AV. INDEPENDENCIA",993924,20),("BHI","AV. 20 DE NOVIEMBRE NO. 963",132587,9),("CJC","Avenida de  Hiperónimo Respetuoso 143, 3º",618733,42),("CBB","AV. 5 DE MAYO NO 1219",112750,25),("BAV","Plaza Discípulo 7, 1º 3ª",198533,43),("CAM","C. ALDAMA NO. 25",949884,25),("ARF","Calle de la Devastación Sonora 13, 6º 6ª",358680,44),("AAR","Calle la Sinalefa Ansiosa 285, 6º 5ª",516422,55),("DLV","KM.3.5 CARRET.FED. TUX-CD. ALEMAN",315021,12),("CUD","AV. INDEPENDENCIA NO. 684 ALTOS",542283,12),("API","Avenida Concepción Caliente 64, 3",776788,44),("FRT","Avenida de  Único 107, 4º 1ª",420234,42),("GOZ","Avenida  Cocina 160, 3º",323349,31),("ADZ","Plaza la Preservación 10, 2º 4ª",524630,44),("GKL","AV. INDEPENDENCIA N0.405",468037,12),("GRA","Paseo Obediencia 136, 6º",973475,44),("ERL","Avenida Babilonia Roja 36, 6º 5ª",572311,43),("BSC","Paseo de la Bendición 148, 1º 6ª",997388,44),("BGX","Paseo Nacionalidad 7, 4",641330,28),("JDO","Paseo  Predación 14, 4",592101,28),("AAL","Avenida Audiovisual Amoroso 203, 2º 5ª",441176,55),("AAC","Paseo Instructivo 150, 2",713967,61),("DKI","20 DE NOVIEMBRE 1041",449501,12),("IFL","AV. INDEPENDENCIA NO.166",365783,12),("DNM","INDEPENDENCIA 1683",264935,12),("AMJ","Avenida de  Consigna Culta 162, 3º 5ª",994291,28),("GHU","CALLEJON DE LA NOCHE TRISTE NO.23",205439,9),("EKD","CALLE MORELOS NO.72",907931,12),("HTU","LIBERTAD 1024",827599,12),("DYM","AV. 5 DE MAYO NO. 1230-B",567036,12),("GUJ","Paseo Agudizamiento 14, 6º",285059,28),("AKV","Avenida  Castellano Caliente 64, 5",449736,37),("BRJ","INDEPENDENCIA 85",970211,12),("CAQ","Avenida la Libertad 43, 6",302541,44),("DGM","Paseo  Consideración 215, 5º 5ª",442880,43),("GMS","Calle Relativo Caliente , 3º 3ª",636141,28),("JCK","BLVD.BENITO JUAREZ NO.786",119799,12),("BHQ","HIDALGO NO 689",303141,12),("DVR","BENITO JUAREZ NO 568",621663,12),("EBG","Calle  Gramática 143, 6º",514469,44),("JNA","Avenida Adversativo 288, 5º 4ª",276628,28),("GSQ","Calle Excreción 65, 4º",879508,61),("GUH","BOULEVARD BENITO JUAREZ ESQ. INDEPENDENCIA",856441,12),("GLG","AV. INDEPENDENCIA NO. 405",633469,12),("GPS","Paseo Anorexia Lista 236 bis, 1º",60087,60);
INSERT INTO AEROPUERTO VALUES ("BYM","Calle Adquisición Simpática 134 bis, 6º",177156,52),("HSC","Avenida Fotoquímica 24, 1º 6ª",965219,43),("ALY","Plaza  Fácil Gordo 128, 5º 2ª",741821,61),("EPR","AV. INDEPENDENCIA NO. 1029",770515,12),("CVH","CAMINO LOMA ALTA NO. 1000",604556,9),("ING","AV. INDEPENDENCIA NO. 562",8765,9),("CUY","AV. 5 DE MAYO NO. 660",201983,12),("GBL","11 PONIENTE S/N.",541127,12),("CDQ","BULEVAR No810",445314,12),("ITN","Plaza del Levítico 51, 6º 4ª",219934,28),("CNT","AV. JESUS CARRANZA NO. 991",302558,9),("BHF","Paseo de la Conjunción Fría 165, 2º",508094,44),("FLN","Paseo de  Expulsión 102, 6º",128609,28),("ISA","HERMENEGILDO GALEANA S/N",291983,12),("CBC","AV. 5 DE MAYO NO.1544",844162,12),("BGI","CALLE MATAMOROS NO. 415",107761,18),("BEO","AV. INDEPENDENCIA NO. 574",638505,12),("CFG","Avenida Improvisación Brillante 141, 4º",223554,52),("JJN","Plaza Enlace 52, 4º",886023,43),("GZI","AV. 20 DE NOVIEMBRE NO.859-B",287970,1),("AEP","CALLE MATAMOROS NO. 325",447786,9),("DRN","CARR. A OJITALN NO 951-A",238184,12),("DLA","Calle Transición Sonora 71, 2º 4ª",606202,36),("AEH","Calle Envoltura 46, 6º 4ª",471984,41),("HLD","Calle la Prehistoria 161, 5º 1ª",379625,43),("CPC","AV. INDEPENDENCIA NO. 545-D",377957,9),("BEE","AV. 20 DE NOVIEMBRE NO. 1081",930252,12),("JIU","Avenida Subida 152, 4",181441,43),("DLC","Avenida la Resolución Azul 218, 1º",15571,43),("HEK","Paseo Cívico Azul 234, 1",604517,43),("FYT","Plaza Accesible 115, 5",695868,41),("GOV","AV. INDEPENDENCIA NO 1683",603066,12),("HLH","Calle  Fraternidad 181, 6º",56895,43),("HNY","Paseo la Residencia 271, 6",953635,43),("AJU","Plaza Votación Humilde 32, 3º 1ª",336140,28),("JPA","Paseo de la Versificación 285, 6º",884099,28),("JLS","Paseo Ascendencia 122, 1",508167,28),("CRD","AV. ROBERTYO COLORADO 1350",274033,9),("COG","Plaza Coalición Sabia 255, 6º",71732,44),("AUX","Plaza  Simposio 251 bis, 6º 4ª",447668,28),("BFC","AV. INDEPENDENCIA NO 1021",127914,12),("ADN","Calle  Vesícula 1, 5",659594,44),("BIP","AVENIDA 5 DE MAYO NO. 1226",558286,12),("DMD","AV 3 ESQUINA CALLE 2",433048,12),("JUN","KM.13 CARRET.CD. ALEMAN-TUXTEPEC",340043,12),("ALH","INDEPENDENCIA 1519",177841,12),("GYA","KM. 2 CARRETERA TUXTEPEC- VALLE NACIONAL",938490,25),("HUB","KM. 2 CARRETERA TUXTEPEC OAXACA",445979,12),("BAU","Avenida la Connotación Sensible 164, 3",335182,28),("HLL","PLAN DE AYALA S/N.",146989,12),("DYA","FRANCISCO I. MADERO NO. 182",515545,12),("IFF","AV. 5 DE MAYO NO.801",88332,12),("IGB","AV DANIEL SOTO 738",337828,9),("GRZ","AV. 1O. DE MAYO NO. 108",970029,13),("CZX","Plaza de  Bahía 21, 1º",382929,43),("BWQ","AV. INDEPENDENCIA NO.1004",293087,12),("CSS","Plaza de  Expresión Rápida 56, 5º",772876,28),("AGW","AV.INDEPEND.NO. 1065",442797,12),("CMQ","AV. INDEPENDENCIA NO.900",567653,12),("CCX","Paseo de  Débil Frío 23, 5º",213102,28),("CGR","Paseo Subvención 157, 2º 2ª",195570,28),("CEP","AV. INDEPENDENCIA NO 49",512301,25),("AMT","CALLE MORELOS NO. 24",81445,12),("DPO","AV. 5 DE MAYO NO. 357",694926,12),("ERM","Paseo del Bivalente 267, 4",142950,28),("GIG","Calle la Jurisdicción Alta 127, 3º 3ª",401427,28),("FLP","CALLE GUERRERO ESQ. MURO BLVD.",23927,12),("CXB","INDEPENDENCIA 807",750155,17),("HIG","NICOLAS BRAVO NO 1270",281621,12);
INSERT INTO AEROPUERTO VALUES ("GNM","Plaza el Limo 240, 6º 4ª",305628,28),("JSM","AV. INDEPENDENCIA NO. 500",743130,9),("DRD","INDEPENDENCIA NO. 427",334247,12),("DON","LAZARO CARDENAS NO.195",639724,12),("ABH","AV. INDEPENDENCIA NO. 740",56699,12),("HLS","MATAMOROS NO 360",672050,12),("FOM","Calle Decisión Buena 102, 6",571665,36),("BYC","AV. INDEPENDENCIA NO. 858",215587,25),("BZP","AV. JESUS CARRANZA NO. 1067",229455,12),("CUI","Paseo  Convocatoria Buena 8, 5º 4ª",186552,44),("JDZ","Paseo de  Convocatoria 35, 1º 3ª",652469,43),("CHW","Paseo Ascendencia Roja 21, 5",835186,43),("COW","Plaza Sabiduría Sensible 188, 5º",708544,42),("IPN","Avenida Exigencia 47, 5º 5ª",217823,28),("APZ","5 DE MAYO 1038",773729,9),("GPO","OCAMPO NO. 231",305335,9),("HGH","Plaza Egipto Santo 242, 2º 2ª",53052,43),("AKT","Plaza Orgánulo Deportivo 243, 1º 1ª",777861,53),("GDP","Plaza de la Aliteración Lenta 153, 1º",188842,28),("EYP","Avenida de la Fotosíntesis Lista 23, 3º 6ª",411122,44),("GHN","Calle la División Culta 126, 5º",574176,43),("ATZ","Calle Vacío 5, 1",768714,61),("IQQ","Plaza Distribución Persistente 106, 6",774109,42),("HET","Calle la Restauración 237, 6",1735,43),("BCH","Calle Disección Etérea 161, 3º 2ª",475037,59),("BVR","Calle la Laringe 217, 4º",130101,35),("BTA","Paseo Adyacente Enfermo 5, 1º",557958,36),("BPM","AV. INDEPENDENCIA NO. 241",858490,1),("ADO","AV. INDEPENDENCIA NO. 1639",721345,12),("GET","AV. MANCILLA ESQ. ALDAMA S/N.",303564,12),("CRB","AV. 5 DE MAYO NO. 1683",638800,12),("BNU","Calle  Morfología 251, 5º 6ª",132696,28),("ESR","Avenida Excavación Blanca 256, 2",263103,42),("DSN","Calle Clavícula 6 bis, 1º 4ª",18110,43),("BVH","Plaza de  Convivencia Venenosa , 5º 6ª",136874,28),("GRU","Paseo Levítico Frío 7, 1º",359556,28),("GGD","C. ZARAGOZA NO. 329",627678,12),("JUA","Calle Bivalente Abierto 35, 3º",323961,28),("HAV","Calle Discriminación Pequeña 21, 6º 4ª",357221,52),("IRE","Plaza de  Torbellino 113, 6º 3ª",201130,28),("FEC","Avenida Vuelta 4, 4º",449733,28),("JDF","Avenida Fósil Brillante 218, 2º 4ª",744928,28),("HRG","Plaza Cóncavo 45, 3º 6ª",923606,61),("CBX","AV. 20 DE NOVIEMBRE No. 1037",533769,12),("BCZ","PROL. AV. 5 DE MAYO NO. 270",433147,12),("DAJ","MATAMOROS NO. 225",643785,12),("BGG","Paseo Interés Malcriado 54, 4",812457,42),("JRN","Plaza  Obediencia 135, 4º 5ª",545673,28),("DRY","AV. 20 DE NOVIEMBRE No. 1950",606044,12),("CNV","Plaza Bebida Estricta 263, 4",968140,28),("IVO","Avenida de  Dihíbrido 83, 2º 6ª",918325,44),("IRJ","AV. 5 DE MAYO NO. 583",580815,9),("FRC","Plaza Devoción Marrón 123, 4º 2ª",90765,28),("HFE","Paseo Bíceps 86, 3º 4ª",799709,43),("CED","CALLE MORELOS NO. 30",667895,12),("ARO","Plaza Pasivo 68, 6º",375186,44),("GYL","INDEPENDENCIA No 1655",449026,12),("CWT","CALLE ARTEAGA NO. 1027",77712,12),("GYE","Paseo  Víscera Seria 73, 1º 3ª",439069,60),("JIP","Paseo de  Vocativo 254, 2",408949,60),("GLF","Avenida Amnistía Persistente 250, 2º 5ª",278487,49),("CCM","Plaza de  Abiótico 23, 6º 2ª",612,28),("GGL","Avenida la Habitación 24, 2º",398209,44),("GFN","AV. INDEPENDENCIA NO. 643 (425)",49294,12),("EPK","Plaza el Monohíbrido 174, 5",135501,53),("AYI","Plaza la Precipitación 233, 6º 5ª",839888,44),("CWB","Avenida Transformación 155, 4º",393216,28),("HRB","Avenida de  Transcripción Joven 7 bis, 1",142566,43),("CZU","Paseo de  Bimestre 217, 4º 6ª",494695,44),("ELC","AV. INDEPENDENCIA NO. 666",490399,12),("AUC","Plaza Sosiego Gentil 12, 3",745668,44),("DVP","AV. INDEPENDENCIA NO. 395",613462,12);
INSERT INTO AEROPUERTO VALUES ("HXX","AV. INDEPENDENCIA NO 1125",746341,12),("BCV","IGNACIO ZARAGOZA NO 303",274319,21),("JUO","Paseo del Autótrofo Ancho 271, 6º",922151,44),("BVS","Plaza  Arteriosclerosis 132, 4º 3ª",407502,28),("ASW","Plaza de  Expresión Negra 65, 3",371292,61),("HGD","AV. 20 DE NOVIEMBRE ESQ. SANTOS DEGOLLADO",907682,12),("GSL","Paseo de  Envase Feo 203, 4º",181575,37),("CYG","SIN CALLE Y SIN NUMERO",327453,12),("BJP","Paseo Subida 27, 3",385326,28),("GTE","AV. JESUS CARRANZA NO 1651 ALTOS",891583,12),("JAP","Calle el Hecho 20, 1º",836662,49),("BTX","PROLONG. INDEPENDENCIA NO. 2237",188703,12),("CJH","Paseo Carnívoro Estudioso 212, 4º",541807,37),("BDW","20 DE NOVIEMBRE NO. 1081",300623,12),("EDD","AV. INDEPENDENCIA NO. 47",491694,12),("CLA","AV. INDEPENDENCIA NO.787",710704,17),("AVV","CALLE HIDALGO NO.96",561909,12),("CQT","Avenida del Buscador 3, 4º",624798,44),("EQS","AV. INDEPENDENCIA NO. 1054",801762,9),("BUC","AV. INDEPENDENCIA NO. 718",359550,12),("BDC","Paseo Callosidad Valiente 207, 3º 5ª",655732,28),("CRJ","INDEPENDENCIA NO. 587",645280,12),("ITR","Paseo Bacilo 34, 3º",716190,28),("AAB","AV INDEPENDENCIA NO 219",999701,12),("GRP","Calle  Atribución 156, 4º",988277,28),("HAP","AV. 5 DE MAYO NO 1014",483159,12),("GYD","CALLE MATAMOROS NO. 236",908210,14),("GEC","Plaza  Restauración Resplandeciente 57, 2º 3ª",484950,53),("CGQ","Plaza Circunferencia 88, 5º",539196,43),("DAC","AV. INDEPENDENCIA NO. 409",674169,17),("BCI","AV. 20 DE NOVIEMBRE NO. 970-B",859373,12),("FLS","AV 5 DE MAYO NO. 1006",414431,12),("JUJ","AV. INDEPENDENCIA N0.562",841698,9),("CMP","Calle Morfología 63, 1º 6ª",756040,28),("CMW","Avenida de  Lúteo 213, 4º",447947,52),("CNQ","20 DE NOVIEMBRE ESQ JUAREZ",879423,9),("HTZ","Calle Bebida Sensible 134, 1º",721342,44),("HIH","AV. 20 DE NOVIEMBRE ESQ. MATAMOROS",388093,12),("GOS","PONCIANO ARRIAGA NO 45",774369,12),("GPL","Avenida del Endocrino 13, 6º",571180,49),("IGR","AV. INDEPENDENCIA NO. 1231 A",197557,9),("CTQ","Plaza Expedición 213, 6º 4ª",840483,28),("DLK","KM 3.5 CARRETERA TUXTEPEC CD. ALEMAN",579023,12),("ITQ","Calle la Cabeza Suculenta 27, 4º",802472,28),("ELB","Avenida Beneficencia 31 bis, 1º",349857,44),("CWW","INDEPENDENCIA NO. 1420",92368,12),("ARM","AV.INDEPENDENCIA NO. 574",384612,12),("BOJ","Plaza Consejo Bonito 55, 5º 2ª",405133,31),("CSX","Paseo de la Abdicación Veloz 135, 1º",33312,43),("HBE","Plaza de  Existencia 26, 5º",183334,61),("ITI","Plaza  Astigmatismo Ansioso 150 bis, 2",94881,28),("COJ","20 DE NOVIEMBRE NO 1422",890741,12),("ILF","Avenida  Clavícula Dulce 15, 5º",813621,37),("BAK","MATAMOROS 29",85454,14),("BDB","LIBERTAD NO. 2005",1666,12),("CRY","AV. INDEPENDENCIA NO.677",991669,12),("BPX","Paseo  Juventud Azul 14, 3º 1ª",686090,43),("CPU","Paseo Excavación Madura 108, 6º 6ª",367428,28),("HAH","Avenida Antibiótico Persistente 25, 6º",305223,45),("ETD","CALLE MATAMOROS NO. 11",856811,12),("BKR","Paseo Ovovivíparo 77, 5",375990,41),("CVI","AV. INDEPENDENCIA NO. 579",62399,9),("AIF","Calle Cabildo 2, 2º",404805,28),("IQN","Paseo Auscultación Sensible 22, 1º",963269,43),("CAN","Calle del Mesías 15, 1º",249353,43),("CUE","Avenida  Científica Artística 81, 2",328136,60),("JAA","CALLE MATAMOROS NO.280",90264,1),("HWK","BLVD. BENITO JUAREZ NO 409",127770,12),("BGA","Plaza de la Adherencia 86, 1",295929,44),("BRK","DANIEL SOTO NO.370",344651,12),("CQA","Plaza Subvención 176, 3",984497,28),("CMC","Plaza de la Habladuría Blanca 4, 3",138347,28),("ACM","Plaza Juventud Ordenada 180, 4º",35769,44),("DYW","AV. INDEPENDENCIA No.528",229251,12),("CRR","C. ALDAMA NO. 153",466675,9),("CFI","OCAMPO 38",193737,12),("AXM","Plaza de  Excepcional Venenoso 183, 2º 3ª",138479,44),("IPG","Plaza Génesis Lenta 27, 1º 2ª",95651,28),("GFE","KM.2 CARR.FEDERAL TUX-OAXACA.",89765,12),("JHG","Calle del Flagelo Difícil 200, 1º",614988,43),("AYG","Plaza Accesible 258, 2º",686414,44),("EHL","CALLE 21 DE MARZO NO. 17",255711,9),("BRC","AV. INDEPENDENCIA NO. 748",106889,9),("CXQ","AV. 20 DE NOVIEMBRE NO. 1960",607599,12),("AWN","AV. INDEPENDENCIA NO. 1457",722307,12),("AYD","AV. 5 DE MAYO NO. 1953",855251,12),("CUK","AV. 20 DE NOVIEMBRE NO 1371",653957,21),("CTN","BULEVAR BENITO JUAREZ ESQUINA I. MATIAS S/N",234429,12),("HTN","Calle Suburbio Aurífero 115, 2º",702906,43),("BVI","CALLE ALDAMA NO.233-A",756410,12),("FIZ","PROLONG.INDEPENDENCIA NO.468-B",282507,12),("BPS","Plaza Tubérculo 182, 1º 4ª",733462,28),("CSU","Plaza de la Buenaventura 23, 6º 1ª",364689,28),("BDA","CALLE OCAMPO S/M.",314688,23),("GNA","C. GUADALUPE VICTORIA N0.373",301091,19),("HOG","Plaza Monohíbrido Abierto 23 bis, 1º 3ª",808624,52),("CPV","Calle Universo 288, 5º 4ª",566615,28),("BAZ","Calle Excelencia 23, 6",606339,28),("GEE","AV. 20 DE NOVIEMBRE NO.1636",992908,12),("BQT","AV. 5 DE MAYO NO. 2061 ESQ. BLVD.BENITO JUAREZ",313517,19),("CMG","Paseo Sociedad 164, 2º 2ª",156303,28),("HUK","MATAMOROS NO 350",165510,27),("JAB","INDEPENDENCIA 432",202169,12),("AFA","CALLE RIVA PALACIOS NO. 465",578228,9),("JMU","Avenida la Transcripción 262, 6º 2ª",119,43),("FMG","Calle de la Jabalina Arriesgada 65, 3º",398108,49),("CAI","Avenida Aseverativo Veloz  bis, 4",898672,61),("DGD","AV. INDEPENDENCIA S/N.",771223,12),("HOK","AV. 5 DE MAYO NO. 1400",312605,12),("AZT","Plaza de lo Bicóncavo Serio 281, 5º 5ª",227688,44),("FOT","AV. INDEPENDENCIA 666",679260,12),("CSC","Plaza el Renacimiento 153, 5",4927,49),("APO","Calle Disociamiento Artístico 220, 2º 2ª",320359,44),("JFM","AV. LIBERTAD NO 1294",804730,12),("HSN","Paseo  Restauración Pequeña 0, 2",409941,43),("HRN","AV.INDEPENDENCIA NO 672",50348,12),("BVB","Paseo Vivíparo 228, 3º 4ª",368524,28),("GOO","MATAMOROS NO 149",386408,12),("EJA","Paseo la Jabalina 277, 6",102674,44),("HUZ","Paseo Polinización Caliente 258, 2º",245019,43),("ASC","AV. 5 DE MAYO NO. 105",235814,25),("BJM","Plaza de  Adversario 136, 6º 1ª",11463,34),("BBM","Plaza Resignación 64, 5",163934,35),("GUZ","Calle de  Dihíbrido 7, 6",878565,28),("CSR","Plaza Habladuría Prolija 208, 4º",388620,44),("AVG","HIDALGO NO. 96",794393,12),("BYX","PONCIANO ARRIAGA NO. 43",870065,12),("CPB","Calle Abnegación Arriesgada 240, 4",293867,44),("ISE","Calle Cosmos 213, 3",491182,44),("HMG","AV. LIBERTAD NO 387 ESQ. MORELOS",603732,12),("BEL","Paseo Adivinanza 8, 5º",762157,28),("AUB","Paseo Resistencia Santa 187, 4º",473831,28),("HZG","Paseo Adversidad Simpática 26, 6",48580,43),("INB","AV. INDEPENDENCIA NO. 776 ANTS.998",773833,21),("BWN","Paseo Bacilo Generoso 183, 2º",978484,30),("FBD","CALLE ZARAGOZA NO. 1010",184747,1),("IBE","Calle de la Definición 30, 5º",258302,44),("CGD","Calle  Bíceps Agotado 106, 5º 6ª",230530,43),("ATV","Plaza Abstracto Pequeño 160, 2",267826,41),("GRG","CALLE MATAMOROS NO. 310",509526,1),("AAG","ALDAMA NO 1212",963414,28),("BPC","Calle de la Reminiscencia Alba 55 bis, 1",866333,36),("BLT","AV. INDEPENDENCIA NO. 390 ANTES 396",298024,12),("CVC","AV. ALFONSO CASO NO. 15",714399,12),("CPQ","Avenida Procesión 30, 6º 2ª",199476,28),("JCM","Calle de  Coordinación 157, 4",732,28);
INSERT INTO AEROPUERTO VALUES ("CSI","BLVD. FRANCISCO FERNANDEZ ARTEAGA NO.1984",35531,12),("BMS","Plaza de  Prevención Ansiosa 41, 4",304483,28),("CNJ","AV. 1O. DE MAYO NO. 240",531664,12),("BZC","Plaza  Basílica Santa 150, 1º 3ª",418445,28),("AYL","CALLE ALDAMA NO.720",555460,12),("IPC","Calle de la Fotosíntesis 153, 5º 6ª",756358,42),("CBW","Calle Hemisferio 73, 2º 3ª",432003,28),("AII","Plaza de  Procesión 24, 5º",420748,56),("DXD","AV.INDEPENDENCIA NO. 246",348440,12),("IPI","Avenida Callosidad 16, 6",540666,44),("CCH","Plaza la Cibernética 11, 3º",535289,42),("AKU","Plaza Ultimátum Fácil 261, 3º",427010,43),("ACL","Avenida Interespecífica 3, 1º 2ª",650124,44),("FRW","AV. INDEPENDENCIA N. 1282-A",299522,27),("CKS","Plaza el Acaecimiento Gentil 253, 6º",996857,28),("EBJ","Calle  Científica 124, 4º",700253,55),("DAX","Plaza del Símbolo 268, 3º 6ª",36014,43),("CLO","Paseo la Resignación Artística 25 bis, 3º",863357,44),("BCK","CALLE MORELOS NO.426",4007,12),("CFO","Plaza el Diezmo 27, 4",608008,28),("FUG","Plaza del Enlace Eficiente 13, 1",632406,43),("CVQ","CALLE ALDAMA NO.70",503232,12),("CPG","AV. JESUS CARRANZA NO. 60",475151,9),("ELJ","Avenida Hipótesis 113, 5º",16740,44),("DAT","Paseo del Universo 226, 2º 2ª",963521,43),("CYC","AV. 20 DE NOVIEMBRE NO 822",615026,21),("FOS","AV. INDEPENDENCIA NO. 21",357952,12),("CMT","Avenida  Partenocarpia 225, 6º",457381,28),("BTD","CALLE OCAMPO NO.420",622699,12),("CTR","C. BENITO JUAREZ NO. 72",760347,12),("BKP","CALLE MATAMOROS NO. 40",484588,12),("AFL","Calle de  Calvicie 12, 5º",61924,28),("DDG","Avenida Cibernética 27, 4º",74045,43),("CFQ","Avenida Vacío Maduro 156, 1º 5ª",237663,37),("AXE","Calle Connotación Mala 126, 6º 2ª",798779,28),("DAS","Plaza Microorganismo 80, 3º 2ª",677157,37),("FFU","Paseo Predicativo Artístico 216, 6º 1ª",904866,42),("CAW","Paseo Profesión 186, 2",173794,28),("AAT","Avenida Transcripción 45, 3º 1ª",478318,43),("AKM","Plaza  Nervadura Cómica 25, 3",889462,41),("ENY","Plaza Adversativo Bondadoso 283, 1º",431480,43),("EZE","ALDAMA 19-13",285516,9),("AYR","CALLE ALDAMA NO. 144-A",741087,12);
INSERT INTO AEROPUERTO VALUES ("GEL","Paseo  Parsimonia 222, 6º",172454,28),("CDI","Calle Novela Persistente 226, 6º",585359,28),("AAX","Avenida Plasmólisis Fea 123, 5º 2ª",709002,28),("ERN","Avenida de la Participación Madura 281, 4",572308,28),("GVR","Avenida Cuadrúpedo Ordenado 70, 4",453311,28),("CCC","Plaza Votación Moderna 250, 2",968919,52),("FAH","AV. 20 DE NOVIEMBRE NO. 1060",343334,1),("CRQ","Avenida Eficiencia Honesta 4, 3º",131677,28),("GUL","INDEPENDENCIA NO 124",939701,12),("HLT","AV. INDEPENDENCIA NO 1247",23464,12),("AUE","Calle de la Obsesión Respetuosa 23, 1º 6ª",595751,61),("ILB","Avenida Subordinación Aburrida 53, 3º 4ª",681230,28),("JEQ","Calle Fabricación Lista 3, 1º 2ª",698776,28),("ARI","Plaza  Adverbio 121, 5º 3ª",909396,42),("EVN","AV. 20 DE NOVIEMBRE 795",985591,10),("ANZ","AV. INDEPENDENCIA NO. 720",248456,12),("AOG","Calle Devoción Responsable 152, 6",520288,43),("BCL","Paseo de la Profesión Ordenada 35, 2º",257643,49),("CMD","AV. INDEPENDENCIA NO. 1162",857736,12),("GVP","AV. INDEPENDENCIA NO. 608",401078,12),("BLL","Paseo  Municipio 174, 6",129247,55),("DBY","AV. 5 DE MAYO NO. 1906",663371,12),("JAD","AV. INDEPENDENCIA NO.932",430844,12),("CCL","AV. 20 DE NOVIEMBRE No50221",550719,12),("BFU","Calle la Oposición Agotada 256, 5",534904,43),("FOC","Paseo Decisión 210, 6º",507694,43),("ITA","Avenida  Júbilo Simpático 220, 4º",58657,28),("AYN","Paseo lo Transitivo Ancha 103 bis, 2",198755,43),("CPL","Paseo Comercialización 85, 1º 4ª",488093,44),("APQ","Plaza de  Hallazgo Dulce 224, 1º 1ª",36156,28),("CBR","AV. 20 DE NOVIEMBRE No. 1037",848369,12),("BAQ","Plaza  Biografía Gélida 250, 2º",671881,44),("GDD","AV. 5 DE MAYO 1281",917068,12),("IGH","AV. INDEPENDENCIA NO.725",403804,12),("BAT","Paseo de  Estrella 137, 4",703480,28),("CNL","Plaza la Gimnasia 225, 1º",115233,55),("CDU","CALLE SEBASTIAN ORTIZ NO.549",423002,12),("BOX","AV. 20 DE NOV. NO. 1372",801123,12),("CCW","AV. 5 DE MAYO No. 1350",463496,12),("ERB","CALLE MATAMOROS NO. 78",407024,12),("GBP","JESUS CARRANZA NO. 139",911416,12),("BNE","AV. JESUS CARRANZA NO. 123",265757,12),("CUQ","AV. LIBERTAD NO. 1207",172174,12),("JAM","Avenida la Democracia Culta 80, 6º 6ª",131672,31),("GLT","PRIMERO DE MAYO NO 48 ALTOS",150649,12),("AXL","AV. 20 DE NOVIEMBRE NO. 1121",331195,12),("BCR","Avenida de  Decisión Verde 114, 6",416075,28),("ARQ","Calle Torbellino 117 bis, 5º 4ª",61519,44),("JTI","Paseo la Divulgación 16, 5º",31859,28),("FLC","CARR.OJITLAN NO.43",160900,12),("IVW","INDEPENDENCIA NO 6",487354,12),("CKI","AV. 20 DE NOVIEMBRE NO. 933",931661,12),("EBW","Avenida Herbívoro 26, 2º",17528,36),("JNG","Avenida Herencia Luminosa 22, 5º 5ª",174987,43),("AXC","CALLE ALDAMA NO. 99",857667,12),("HPE","MIGUEL HIDALGO NO 409",351166,12),("AQG","Avenida Medieval 108, 6",436193,43),("FOR","Calle Física 58, 5º 4ª",852873,28),("BDD","BOULEVAR BGENITO JUAREZ 1291",531558,12),("CKO","Avenida Símbolo Honesto 54, 4º",865476,28),("GOU","Paseo el Asentamiento 147, 3º 3ª",167230,36),("AYA","Avenida Aflicción Fácil 277, 6",476308,44),("BOG","Calle Cabildo 7, 1",242128,44),("HVB","AVENIDA 3 CALLE 2",66610,12),("CIZ","Paseo Descendiente 201, 6º",413149,28);
INSERT INTO AEROPUERTO VALUES ("IGU","Calle Mesías 42, 3",962240,28),("FMA","AV.LIBERTAD NO. 33",537184,9),("GCA","Calle de  Zoología Moderna 247, 5º 3ª",515373,44),("EUO","Paseo  Adjetivo Hermoso 26 bis, 5",307694,44),("COR","AV. INDEPENDENCIA NO. 240",441313,9);
#fin insercion aeropuerto

#insercion vuelos
INSERT INTO VUELOS (id,puerta_embarque,observaciones,id_aerolinea) VALUES (1,"pepfjq","a la hora",1000),(2,"ak4nzm","a la hora",1001),(3,"gft9by","a la hora",1002),(4,"phyvbz","a la hora",1003),(5,"hfk96z","a la hora",1004),(6,"vj38h2","a la hora",1005),(7,"dhq8rf","a la hora",1006),(8,"vg2gvm","a la hora",1007),(9,"9ytaa6","a la hora",1008),(10,"ny5ypy","a la hora",1009),(11,"mnjy5y","a la hora",1010),(12,"9hpche","a la hora",1011),(13,"a8q93h","a la hora",1012),(14,"y8dhmu","a la hora",1013),(15,"j9kce8","a la hora",1014),(16,"kvd3bc","a la hora",1015),(17,"7zjxpk","a la hora",1016),(18,"85zfh2","a la hora",1017),(19,"xbwkdc","a la hora",1018),(20,"ur2ucn","a la hora",1019),(21,"38qmuy","a la hora",1020),(22,"xm8pf8","a la hora",1021),(23,"fpknuf","a la hora",1022),(24,"9qqvey","a la hora",1023),(25,"ag636c","a la hora",1024),(26,"8hzna3","a la hora",1025),(27,"3zdbiq","a la hora",1026),(28,"56k5b2","a la hora",1027),(29,"hzbcvv","a la hora",1028),(30,"9xea34","a la hora",1029),(31,"9thhjh","a la hora",1030),(32,"jq3dc7","a la hora",1031),(33,"k3y8fp","a la hora",1032),(34,"wajphy","a la hora",1033),(35,"gau366","a la hora",1034),(36,"fhucdz","a la hora",1035),(37,"afp5vb","a la hora",1036),(38,"wtci8g","a la hora",1037),(39,"mpcx5d","a la hora",1038),(40,"xeg5y7","a la hora",1039),(41,"pd584q","a la hora",1040),(42,"ky8m67","a la hora",1041),(43,"wrtrq8","a la hora",1042),(44,"ntxg6t","a la hora",1043),(45,"nzdfbu","a la hora",1044),(46,"z7m8fy","a la hora",1045),(47,"x3f6dr","a la hora",1046),(48,"jjqypq","a la hora",1047),(49,"wx3rvw","a la hora",1048),(50,"amtcei","a la hora",1049),(51,"n9vucd","retrasado",1050),(52,"cz6wb8","retrasado",1051),(53,"ap39ht","retrasado",1052),(54,"hx2mdr","retrasado",1053),(55,"722nzf","retrasado",1054),(56,"viubnh","retrasado",1055),(57,"a2vit8","retrasado",1056),(58,"ieyivy","retrasado",1057),(59,"d4huw6","retrasado",1058),(60,"fzpnrq","retrasado",1059),(61,"vu9hei","retrasado",1060),(62,"wp8gbw","retrasado",1061),(63,"hir6tx","retrasado",1062),(64,"i3c3p5","retrasado",1063),(65,"etmtpt","retrasado",1064),(66,"5txagc","retrasado",1065),(67,"55x4fh","retrasado",1066),(68,"7eqejm","retrasado",1067),(69,"3izqrt","retrasado",1068),(70,"zaqc7x","retrasado",1069),(71,"zae75d","retrasado",1070),(72,"7ir5bi","retrasado",1071),(73,"kq88jy","retrasado",1072),(74,"pn4wbz","retrasado",1073),(75,"vwtdki","retrasado",1074),(76,"g4tpkk","retrasado",1075),(77,"6wb4ig","retrasado",1076),(78,"2e48x5","retrasado",1077),(79,"b4kwec","retrasado",1078),(80,"mxyphf","retrasado",1079),(81,"vxrpjb","retrasado",1080),(82,"c6nceq","retrasado",1081),(83,"vawft4","retrasado",1082),(84,"n4ydiu","retrasado",1083),(85,"nx2tpx","retrasado",1084),(86,"45itvv","retrasado",1085),(87,"zrgtrj","retrasado",1086),(88,"qte829","retrasado",1087),(89,"9kmdnm","retrasado",1088),(90,"mv4j33","retrasado",1089),(91,"ft7rkr","retrasado",1090),(92,"vegkbw","retrasado",1091),(93,"8j2irh","retrasado",1092),(94,"7wdwpb","retrasado",1093),(95,"u44hku","retrasado",1094),(96,"rgqq8h","retrasado",1095),(97,"ybc9ra","retrasado",1096),(98,"2r9b9h","retrasado",1097),(99,"vecrf8","retrasado",1098),(100,"d5ka7u","retrasado",1099),(101,"hbd8dg","retrasado",1100),(102,"wmxrzg","retrasado",1101),(103,"mdkkmf","retrasado",1102),(104,"w65kgv","retrasado",1103),(105,"t9jc8v","retrasado",1104),(106,"cqfqqz","retrasado",1105),(107,"4qpmf7","retrasado",1106),(108,"efzyyh","retrasado",1107),(109,"43mfmz","retrasado",1108),(110,"kfr33p","retrasado",1109),(111,"emrnt5","retrasado",1110),(112,"bajahh","retrasado",1111),(113,"age3rx","retrasado",1112),(114,"duvhdp","retrasado",1113),(115,"yn4v3n","retrasado",1114),(116,"dpt4f7","retrasado",1115),(117,"b6zmyk","retrasado",1116),(118,"w4ff2g","retrasado",1117),(119,"y7d9tn","retrasado",1118),(120,"bce2jf","retrasado",1119),(121,"diip8e","retrasado",1120),(122,"98gcc8","retrasado",1121),(123,"222c62","retrasado",1122),(124,"b832en","retrasado",1123),(125,"ymntza","retrasado",1124),(126,"6ykq54","secuestrado",1125),(127,"h2u8gm","retrasado",1126),(128,"utv86i","retrasado",1127),(129,"vdzr36","retrasado",1128),(130,"w8y9i6","retrasado",1129),(131,"a974uc","retrasado",1130),(132,"ix2je2","a la hora",1131),(133,"3mcbrb","a la hora",1132),(134,"e5fp4e","a la hora",1133),(135,"dzp8kd","a la hora",1134),(136,"zzgjv6","a la hora",1135),(137,"6dwgf8","motor averiado",1136),(138,"ua3z5f","a la hora",1137),(139,"ih43iv","a la hora",1138),(140,"tjdqk6","a la hora",1139),(141,"au6fnk","a la hora",1140),(142,"q8ke4j","a la hora",1141),(143,"bcp85u","a la hora",1142),(144,"hdcqhj","a la hora",1143),(145,"mvapzh","a la hora",1144),(146,"zqigy8","a la hora",1145),(147,"xazun4","a la hora",1146),(148,"63iwt6","a la hora",1147),(149,"jb5bmr","a la hora",1148),(150,"4hxi2b","a la hora",1149),(151,"mw6yne","a la hora",1150),(152,"7uc3d6","a la hora",1151),(153,"rywk5q","a la hora",1152),(154,"zmkmhx","a la hora",1153),(155,"kqpvyc","a la hora",1154),(156,"zcpc8f","a la hora",1155),(157,"yx4znk","a la hora",1156),(158,"pt3jfg","a la hora",1157),(159,"kpae2y","a la hora",1158),(160,"h7nkc5","a la hora",1159),(161,"f88exn","a la hora",1160),(162,"zxdu6v","a la hora",1161),(163,"4w92yi","a la hora",1162),(164,"zupjb7","a la hora",1163),(165,"k2vm74","a la hora",1164),(166,"mvp4m4","a la hora",1165),(167,"dcdtae","a la hora",1166),(168,"9xu7zv","a la hora",1167),(169,"cdqp66","a la hora",1168),(170,"9dgn8u","a la hora",1169),(171,"nzbrvj","a la hora",1170),(172,"yw7i24","a la hora",1171),(173,"832pzd","a la hora",1172),(174,"ng66pz","a la hora",1173),(175,"ib87ck","a la hora",1174),(176,"nafgni","a la hora",1175),(177,"m9mi35","a la hora",1176),(178,"cdm2j8","a la hora",1177),(179,"gekzxc","a la hora",1178),(180,"nd4bzv","a la hora",1179),(181,"tnmjqv","a la hora",1180),(182,"u4wpy2","a la hora",1181),(183,"xbkemc","a la hora",1182),(184,"p49aut","a la hora",1183),(185,"k5ajud","a la hora",1184),(186,"jcwgn4","a la hora",1185),(187,"vqwz5b","a la hora",1186),(188,"kbzm3u","a la hora",1187),(189,"nq5v3u","a la hora",1188),(190,"bxid9d","a la hora",1189),(191,"2yvh9m","a la hora",1190),(192,"7yn5ex","a la hora",1191),(193,"c9jqrk","a la hora",1192),(194,"eh5qik","a la hora",1193),(195,"q38fvp","a la hora",1194),(196,"kdu5mc","a la hora",1195),(197,"x8mrzg","a la hora",1196),(198,"zuttn5","a la hora",1197),(199,"ux884v","a la hora",1198),(200,"mmkwxf","a la hora",1199);
#fin insercion vuelos

CREATE TRIGGER CALCULA_PRECIO AFTER INSERT ON PASAJERO FOR EACH ROW
	UPDATE PASAJE SET PASAJE.precio_original = PASAJE.precio + PASAJE.precio*(PASAJE.descuento/100) WHERE new.id_pasaje = PASAJE.id;
    
#insercion pasaje
INSERT INTO PASAJE (id, precio, tipo_cabina, descuento, millas_acumulables, numero_asiento, hora_embarque, hora_salida, hora_llegada, fecha_llegada, fecha_salida, id_pais_destino, id_pais_inicial, id_avion, id_vuelo) VALUES (1, 450, 'business', 12, 1000, 'F6', 600, 730, 1230, 20180911, 20180910, 66, 1, 1, 1),(2, 145, 'low_cost', 36, 3000, 'G2', 1445, 1500, 2000, 20180912, 20180911, 195, 2, 2, 2),(3, 100, 'low_cost', 24, 2000, 'A1', 1000, 1030, 1530, 20180913, 20180912, 126, 3, 3, 3),(4, 1115, 'low_cost', 3, 304, 'Q2', 500, 550, 1050, 20180914, 20180913, 222, 4, 4, 4),(5, 283, 'low_cost', 58, 4899, 'W1', 1130, 1200, 1700, 20180915, 20180914, 170, 5, 5, 5),(6, 649, 'low_cost', 2, 209, 'E3', 2130, 2200, 450, 20180916, 20180915, 153, 6, 6, 6),(7, 808, 'business', 47, 3949, 'R4', 1550, 1620, 2120, 20180917, 20180916, 87, 7, 7, 7),(8, 289, 'low_cost', 51, 4326, 'T7', 1900, 1930, 130, 20180918, 20180917, 168, 8, 8, 8),(9, 1404, 'business', 22, 1880, 'Y8', 120, 150, 650, 20180919, 20180918, 204, 9, 9, 9),(10, 279, 'low_cost', 13, 1116, 'U9', 240, 320, 820, 20180920, 20180919, 103, 10, 10, 10),(11, 1606, 'business', 26, 2188, 'I2', 340, 400, 900, 20180921, 20180920, 186, 11, 11, 11),(12, 985, 'business', 3, 314, 'O2', 400, 450, 950, 20180922, 20180921, 196, 12, 12, 12),(13, 410, 'low_cost', 56, 4720, 'A3', 420, 520, 1020, 20180923, 20180922, 122, 13, 13, 13),(14, 375, 'low_cost', 14, 1226, 'F8', 500, 600, 1100, 20180924, 20180923, 132, 14, 14, 14),(15, 1770, 'business', 27, 2264, 'G4', 640, 740, 1240, 20180925, 20180924, 77, 15, 15, 15),(16, 1434, 'business', 18, 1513, 'M2', 800, 900, 1400, 20180926, 20180925, 201, 16, 16, 16),(17, 246, 'low_cost', 28, 2350, 'J3', 840, 940, 1440, 20180927, 20180926, 64, 17, 17, 17),(18, 370, 'low_cost', 36, 3037, 'E6', 900, 1000, 1500, 20180928, 20180927, 157, 18, 18, 18),(19, 518, 'low_cost', 52, 4393, 'S7', 1040, 1140, 1640, 20180929, 20180928, 66, 19, 19, 19),(20, 778, 'business', 59, 4980, 'T1', 1100, 1200, 1700, 20181001, 20180929, 9, 20, 20, 20),(21, 1616, 'business', 12, 1043, 'O9', 1220, 1320, 1820, 20181002, 20180930, 109, 21, 21, 21),(22, 1576, 'business', 22, 1851, 'N3', 1320, 1420, 1920, 20181003, 20181001, 106, 22, 22, 22),(23, 308, 'low_cost', 49, 4117, 'O8', 1500, 1600, 2100, 20181004, 20181002, 106, 23, 23, 23),(24, 183, 'low_cost', 16, 1361, 'E1', 1520, 1620, 2120, 20181005, 20181003, 168, 24, 24, 24),(25, 489, 'low_cost', 15, 1263, 'S6', 1920, 2020, 430, 20181006, 20181004, 130, 25, 25, 25),(26, 1763, 'business', 0, 30, 'U3', 2120, 2220, 425, 20181007, 20181005, 213, 26, 26, 26),(27, 1032, 'business', 6, 546, 'N9', 2220, 2320, 745, 20181008, 20181006, 118, 27, 27, 27),(28, 1550, 'business', 42, 3541, 'M1', 2240, 2340, 730, 20181009, 20181007, 108, 28, 28, 28),(29, 881, 'business', 42, 3500, 'E2', 2130, 2230, 245, 20181010, 20181008, 122, 29, 29, 29),(30, 817, 'business', 20, 1677, 'N3', 2350, 120, 830, 20181011, 20181009, 62, 30, 30, 30),(31, 138, 'low_cost', 28, 2351, 'S4', 200, 300, 800, 20181012, 20181010, 116, 31, 31, 31),(32, 1403, 'business', 55, 4649, 'A5', 540, 640, 1140, 20181013, 20181011, 77, 32, 32, 32),(33, 1704, 'business', 21, 1820, 'J6', 620, 720, 1220, 20181014, 20181012, 124, 33, 33, 33),(34, 739, 'business', 35, 2986, 'E7', 640, 740, 1240, 20181015, 20181013, 149, 34, 34, 34),(35, 1319, 'business', 34, 2887, 'S8', 700, 800, 1300, 20181016, 20181014, 37, 35, 35, 35),(36, 181, 'low_cost', 25, 2094, 'U9', 800, 900, 1400, 20181017, 20181015, 73, 36, 36, 36),(37, 675, 'low_cost', 45, 3762, 'B0', 900, 1000, 1500, 20181018, 20181016, 95, 37, 37, 37),(38, 758, 'business', 15, 1254, 'L1', 920, 1020, 1520, 20181019, 20181017, 55, 38, 38, 38),(39, 558, 'low_cost', 36, 3040, 'I2', 1020, 1120, 1620, 20181020, 20181018, 124, 39, 39, 39),(40, 1434, 'business', 59, 4962, 'M3', 1240, 1340, 1840, 20181021, 20181019, 75, 40, 40, 40),(41, 561, 'low_cost', 10, 915, 'I4', 1500, 1600, 2100, 20181022, 20181020, 219, 41, 41, 41),(42, 746, 'business', 4, 358, 'N5', 1540, 1640, 2140, 20181023, 20181021, 141, 42, 42, 42),(43, 887, 'business', 9, 828, 'A6', 1600, 1700, 2200, 20181024, 20181022, 193, 43, 43, 43),(44, 1479, 'business', 27, 2267, 'L7', 1720, 1820, 440, 20181025, 20181023, 55, 44, 44, 44),(45, 1786, 'business', 11, 984, 'E8', 1800, 1900, 230, 20181026, 20181024, 13, 45, 45, 45),(46, 882, 'business', 27, 2277, 'L3', 1840, 1940, 450, 20181027, 20181025, 36, 46, 46, 46),(47, 1592, 'business', 5, 498, 'L2', 1900, 2000, 2500, 20181028, 20181026, 18, 47, 47, 47),(48, 1303, 'business', 51, 4298, 'A7', 1920, 2020, 2520, 20181029, 20181027, 215, 48, 48, 48),(49, 1708, 'business', 52, 4376, 'N4', 245, 345, 845, 20181030, 20181028, 57, 49, 49, 49),(50, 1349, 'business', 37, 3145, 'O2', 120, 220, 720, 20181031, 20181029, 225, 50, 50, 50),(51, 370, 'low_cost', 11, 932, 'T5', 220, 320, 820, 20181101, 20181030, 212, 51, 51, 51),(52, 1088, 'business', 41, 3495, 'E4', 300, 400, 900, 20181102, 20181031, 14, 52, 52, 52),(53, 839, 'business', 16, 1410, 'A0', 320, 420, 920, 20181103, 20181101, 202, 53, 53, 53),(54, 1127, 'business', 38, 3177, 'M2', 400, 500, 1000, 20181104, 20181102, 186, 54, 54, 54),(55, 1207, 'business', 40, 3411, 'A6', 440, 540, 1040, 20181105, 20181103, 105, 55, 55, 55),(56, 1436, 'business', 1, 118, 'Y1', 520, 620, 1120, 20181106, 20181104, 84, 56, 56, 56),(57, 1280, 'business', 0, 25, 'O2', 640, 740, 1240, 20181107, 20181105, 169, 57, 57, 57),(58, 520, 'low_cost', 32, 2716, 'T3', 720, 820, 1320, 20181108, 20181106, 122, 58, 58, 58),(59, 657, 'low_cost', 28, 2414, 'N4', 940, 1040, 1540, 20181109, 20181107, 45, 59, 59, 59),(60, 1616, 'business', 14, 1236, 'I5', 1000, 1100, 1600, 20181110, 20181108, 176, 60, 60, 60),(61, 184, 'low_cost', 42, 3500, 'A6', 1340, 1440, 1940, 20181111, 20181109, 211, 61, 61, 61),(62, 486, 'low_cost', 19, 1620, 'T7', 1500, 1600, 2100, 20181112, 20181110, 201, 62, 62, 62),(63, 844, 'business', 59, 4971, 'R8', 1520, 1620, 2120, 20181113, 20181111, 215, 63, 63, 63),(64, 939, 'business', 52, 4409, 'E9', 1540, 1640, 2140, 20181114, 20181112, 176, 64, 64, 64),(65, 303, 'low_cost', 36, 3023, 'S0', 1620, 1720, 2220, 20181115, 20181113, 218, 65, 65, 65),(66, 865, 'business', 13, 1165, 'P1', 1700, 1800, 2300, 20181116, 20181114, 52, 66, 66, 66),(67, 509, 'low_cost', 50, 4210, 'E2', 2120, 2220, 325, 20181117, 20181115, 185, 67, 67, 67),(68, 1275, 'business', 57, 4830, 'R3', 2140, 2240, 445, 20181118, 20181116, 102, 68, 68, 68),(69, 241, 'low_cost', 14, 1168, 'R4', 2240, 2340, 550, 20181119, 20181117, 8, 69, 69, 69),(70, 1667, 'business', 19, 1665, 'I5', 350, 450, 950, 20181120, 20181118, 146, 70, 70, 70),(71, 1310, 'business', 14, 1204, 'T6', 220, 320, 820, 20181121, 20181119, 105, 71, 71, 71),(72, 601, 'low_cost', 18, 1555, 'S7', 240, 340, 840, 20181122, 20181120, 71, 72, 72, 72),(73, 990, 'business', 50, 4212, 'A1', 520, 620, 1120, 20181123, 20181121, 64, 73, 73, 73),(74, 119, 'low_cost', 0, 29, 'A2', 640, 740, 1240, 20181124, 20181122, 27, 74, 74, 74),(75, 346, 'low_cost', 10, 898, 'A3', 740, 840, 1340, 20181125, 20181123, 3, 75, 75, 75),(76, 347, 'low_cost', 59, 4917, 'A4', 920, 1020, 1520, 20181126, 20181124, 209, 76, 76, 76),(77, 805, 'business', 47, 3985, 'A5', 1120, 1220, 1720, 20181127, 20181125, 6, 77, 77, 77),(78, 462, 'low_cost', 54, 4582, 'A6', 1220, 1320, 1820, 20181128, 20181126, 127, 78, 78, 78),(79, 148, 'business', 34, 2875, 'Q1', 1420, 1520, 2020, 20181129, 20181127, 163, 79, 79, 79),(80, 219, 'low_cost', 37, 3126, 'U3', 1540, 1640, 2140, 20181130, 20181128, 143, 80, 80, 80),(81, 438, 'low_cost', 41, 3446, 'E6', 1620, 1720, 2220, 20181201, 20181129, 218, 81, 81, 81),(82, 967, 'business', 54, 4520, 'P2', 1720, 1820, 2320, 20181202, 20181130, 207, 82, 82, 82),(83, 1106, 'business', 12, 1016, 'A9', 1840, 1940, 140, 20181203, 20181201, 131, 83, 83, 83),(84, 687, 'low_cost', 19, 1646, 'J2', 1900, 2000, 300, 20181204, 20181202, 112, 84, 84, 84),(85, 189, 'low_cost', 53, 4433, 'A6', 1940, 2040, 220, 20181205, 20181203, 112, 85, 85, 85),(86, 1696, 'business', 43, 3588, 'S4', 2020, 2120, 315, 20181206, 20181204, 203, 86, 86, 86),(87, 1599, 'business', 31, 2642, 'E7', 2040, 2140, 230, 20181207, 20181205, 12, 87, 87, 87);
INSERT INTO PASAJE (id, precio, tipo_cabina, descuento, millas_acumulables, numero_asiento, hora_embarque, hora_salida, hora_llegada, fecha_llegada, fecha_salida, id_pais_destino, id_pais_inicial, id_avion, id_vuelo) VALUES (88, 1346, 'business', 46, 3848, 'N8', 2100, 2200, 400, 20181208, 20181206, 176, 88, 88, 88),(89, 1413, 'business', 13, 1123, 'D1', 2140, 2240, 350, 20181209, 20181207, 190, 89, 89, 89),(90, 1710, 'business', 19, 1641, 'N8', 2240, 2340, 450, 20181210, 20181208, 125, 90, 90, 90),(91, 727, 'business', 30, 2532, 'U6', 1330, 1430, 1930, 20181211, 20181209, 37, 91, 91, 91),(92, 820, 'business', 13, 1080, 'D9', 930, 1030, 1530, 20181212, 20181210, 120, 92, 92, 92),(93, 1612, 'business', 42, 3582, 'E3', 550, 650, 1150, 20181213, 20181211, 110, 93, 93, 93),(94, 1072, 'business', 48, 4016, 'S6', 1245, 1345, 1845, 20181214, 20181212, 205, 94, 94, 94),(95, 678, 'business', 4, 372, 'P0', 2225, 2325, 450, 20181215, 20181213, 21, 95, 95, 95),(96, 935, 'business', 52, 4365, 'L2', 140, 240, 740, 20181216, 20181214, 214, 96, 96, 96),(97, 1743, 'business', 28, 2390, 'S5', 200, 300, 800, 20181217, 20181215, 111, 97, 97, 97),(98, 1128, 'business', 22, 1835, 'T6', 220, 320, 820, 20181218, 20181216, 220, 98, 98, 98),(99, 1087, 'business', 18, 1535, 'S7', 240, 340, 840, 20181219, 20181217, 71, 99, 99, 99),(100, 1175, 'business', 42, 3500, 'A1', 300, 400, 900, 20181220, 20181218, 218, 100, 100, 100),(101, 340, 'low_cost', 33, 2759, 'A2', 340, 440, 940, 20181221, 20181219, 49, 101, 101, 101),(102, 445, 'low_cost', 19, 1638, 'A3', 420, 520, 1020, 20181222, 20181220, 190, 102, 102, 102),(103, 360, 'low_cost', 9, 776, 'A4', 440, 540, 1040, 20181223, 20181221, 93, 103, 103, 103),(104, 680, 'low_cost', 30, 2583, 'A5', 520, 620, 1120, 20181224, 20181222, 115, 104, 104, 104),(105, 781, 'business', 56, 4741, 'A6', 550, 650, 1150, 20181225, 20181223, 206, 105, 105, 105),(106, 1295, 'business', 0, 5, 'Q1', 1330, 1430, 1930, 20181226, 20181224, 75, 106, 106, 106),(107, 598, 'low_cost', 17, 1419, 'U3', 325, 425, 925, 20181227, 20181225, 217, 107, 107, 107),(108, 1495, 'business', 42, 3558, 'E6', 620, 720, 1220, 20181228, 20181226, 217, 108, 108, 108),(109, 294, 'low_cost', 0, 70, 'P2', 640, 740, 1240, 20181229, 20181227, 88, 109, 109, 109),(110, 949, 'business', 38, 3189, 'A9', 740, 840, 1340, 20181230, 20181228, 29, 110, 110, 110),(111, 1176, 'business', 45, 3768, 'J2', 820, 920, 1420, 20181231, 20181229, 214, 111, 111, 111),(112, 404, 'low_cost', 20, 1676, 'A6', 900, 1000, 1500, 20190101, 20181230, 149, 112, 112, 112),(113, 1584, 'business', 11, 993, 'S4', 1020, 1120, 1620, 20190102, 20181231, 108, 113, 113, 113),(114, 644, 'low_cost', 37, 3084, 'E7', 1100, 1200, 1700, 20190103, 20190101, 67, 114, 114, 114),(115, 680, 'low_cost', 13, 1087, 'A6', 1120, 1220, 1720, 20190104, 20190102, 192, 115, 115, 115),(116, 1538, 'business', 41, 3462, 'L7', 1200, 1300, 1800, 20190105, 20190103, 90, 116, 116, 116),(117, 1142, 'business', 22, 1884, 'E8', 1220, 1320, 1820, 20190106, 20190104, 49, 117, 117, 117),(118, 492, 'low_cost', 51, 4306, 'L3', 1240, 1340, 1840, 20190107, 20190105, 160, 118, 118, 118),(119, 1688, 'business', 50, 4212, 'L2', 1300, 1400, 1900, 20190108, 20190106, 2, 119, 119, 119),(120, 308, 'low_cost', 48, 4058, 'A7', 1320, 1420, 1920, 20190109, 20190107, 36, 120, 120, 120),(121, 1091, 'business', 10, 856, 'N4', 2130, 2230, 330, 20190110, 20190108, 101, 121, 121, 121),(122, 374, 'low_cost', 29, 2486, 'O2', 2350, 100, 700, 20190111, 20190109, 180, 122, 122, 122),(123, 1307, 'business', 23, 1973, 'T5', 200, 300, 800, 20190112, 20190110, 16, 123, 123, 123),(124, 802, 'business', 19, 1636, 'E4', 540, 640, 1140, 20190113, 20190111, 162, 124, 124, 124),(125, 1198, 'business', 7, 596, 'A0', 620, 720, 1220, 20190114, 20190112, 132, 125, 125, 125),(126, 1593, 'business', 17, 1420, 'M2', 640, 740, 1240, 20190115, 20190113, 160, 126, 126, 126),(127, 441, 'low_cost', 47, 3978, 'A6', 700, 800, 1300, 20190116, 20190114, 18, 127, 127, 127),(128, 941, 'business', 22, 1899, 'Y1', 800, 900, 1400, 20190117, 20190115, 93, 128, 128, 128),(129, 1668, 'business', 6, 556, 'P2', 900, 1000, 1500, 20190118, 20190116, 83, 129, 129, 129),(130, 1109, 'business', 13, 1112, 'A9', 920, 1020, 1520, 20190119, 20190117, 77, 130, 130, 130),(131, 169, 'low_cost', 58, 4908, 'J2', 1020, 1120, 1620, 20190120, 20190118, 118, 131, 131, 131),(132, 1537, 'business', 6, 545, 'A6', 1240, 1340, 1840, 20190121, 20190119, 219, 132, 132, 132),(133, 1568, 'business', 15, 1307, 'S4', 1500, 1600, 2100, 20190122, 20190120, 213, 133, 133, 133),(134, 1353, 'business', 3, 327, 'E7', 1540, 1640, 2140, 20190123, 20190121, 159, 134, 134, 134),(135, 244, 'low_cost', 5, 443, 'N8', 1600, 1700, 2200, 20190124, 20190122, 143, 135, 135, 135),(136, 1778, 'business', 12, 1002, 'D1', 1720, 1820, 2320, 20190125, 20190123, 120, 136, 136, 136),(137, 391, 'low_cost', 15, 1260, 'N8', 1800, 1900, 100, 20190126, 20190124, 149, 137, 137, 137),(138, 929, 'business', 9, 749, 'U6', 1840, 1940, 345, 20190127, 20190125, 14, 138, 138, 138),(139, 1439, 'business', 49, 4119, 'A6', 1900, 2000, 245, 20190128, 20190126, 83, 139, 139, 139),(140, 518, 'low_cost', 43, 3632, 'S4', 1920, 2020, 220, 20190129, 20190127, 137, 140, 140, 140),(141, 456, 'low_cost', 14, 1228, 'E7', 245, 345, 845, 20190130, 20190128, 162, 141, 141, 141),(142, 324, 'low_cost', 5, 460, 'N8', 120, 220, 720, 20190131, 20190129, 64, 142, 142, 142),(143, 253, 'low_cost', 22, 1877, 'D1', 220, 320, 820, 20190201, 20190130, 169, 143, 143, 143),(144, 939, 'business', 13, 1093, 'N8', 300, 400, 900, 20190202, 20190131, 190, 144, 144, 144),(145, 1401, 'business', 39, 3252, 'U6', 320, 420, 920, 20190203, 20190201, 186, 145, 145, 145),(146, 754, 'business', 24, 2022, 'D9', 400, 500, 1000, 20190204, 20190202, 103, 146, 146, 146),(147, 782, 'business', 22, 1906, 'E3', 440, 540, 1040, 20190205, 20190203, 39, 147, 147, 147),(148, 1211, 'business', 30, 2543, 'S6', 520, 620, 1120, 20190206, 20190204, 47, 148, 148, 148),(149, 700, 'business', 23, 1939, 'P0', 640, 740, 1240, 20190207, 20190205, 121, 149, 149, 149),(150, 346, 'low_cost', 1, 106, 'L2', 720, 820, 1320, 20190208, 20190206, 35, 150, 150, 150),(151, 635, 'low_cost', 16, 1338, 'S5', 940, 1040, 1540, 20190209, 20190207, 117, 151, 151, 151),(152, 346, 'business', 22, 1852, 'T6', 1000, 1100, 1600, 20190210, 20190208, 71, 152, 152, 152),(153, 881, 'business', 49, 4101, 'S7', 1340, 1440, 1940, 20190211, 20190209, 4, 153, 153, 153),(154, 836, 'business', 3, 256, 'A1', 1500, 1600, 2100, 20190212, 20190210, 63, 154, 154, 154),(155, 492, 'low_cost', 45, 3755, 'A2', 1520, 1620, 2120, 20190213, 20190211, 18, 155, 155, 155),(156, 1016, 'business', 25, 2112, 'A3', 1540, 1640, 2140, 20190214, 20190212, 117, 156, 156, 156);
INSERT INTO PASAJE (id, precio, tipo_cabina, descuento, millas_acumulables, numero_asiento, hora_embarque, hora_salida, hora_llegada, fecha_llegada, fecha_salida, id_pais_destino, id_pais_inicial, id_avion, id_vuelo) VALUES (157, 608, 'low_cost', 9, 829, 'F6', 1620, 1720, 2220, 20190215, 20190213, 138, 157, 157, 157),(158, 766, 'business', 48, 4082, 'G2', 1700, 1800, 2300, 20190216, 20190214, 201, 158, 158, 158),(159, 171, 'low_cost', 24, 2029, 'A1', 2120, 2220, 620, 20190217, 20190215, 162, 159, 159, 159),(160, 1773, 'business', 3, 256, 'Q2', 2140, 2240, 350, 20190218, 20190216, 43, 160, 160, 160),(161, 219, 'low_cost', 3, 277, 'W1', 2240, 2340, 430, 20190219, 20190217, 17, 161, 161, 161),(162, 1190, 'business', 22, 1899, 'E3', 350, 450, 950, 20190220, 20190218, 130, 162, 162, 162),(163, 879, 'business', 59, 4952, 'R4', 220, 320, 820, 20190221, 20190219, 187, 163, 163, 163),(164, 615, 'low_cost', 21, 1763, 'T7', 240, 340, 840, 20190222, 20190220, 17, 164, 164, 164),(165, 1457, 'business', 51, 4322, 'Y8', 520, 620, 1120, 20190223, 20190221, 17, 165, 165, 165),(166, 724, 'business', 19, 1606, 'U9', 640, 740, 1240, 20190224, 20190222, 208, 166, 166, 166),(167, 1307, 'business', 38, 3235, 'I2', 740, 840, 1340, 20190225, 20190223, 59, 167, 167, 167),(168, 1490, 'business', 12, 1039, 'O2', 920, 1020, 1520, 20190226, 20190224, 161, 168, 168, 168),(169, 350, 'low_cost', 35, 2953, 'A3', 1120, 1220, 1720, 20190227, 20190225, 143, 169, 169, 169),(170, 1676, 'business', 28, 2354, 'F8', 1220, 1320, 1820, 20190228, 20190226, 81, 170, 170, 170),(171, 1256, 'business', 11, 964, 'G4', 1420, 1520, 2020, 20190301, 20190227, 114, 171, 171, 171),(172, 365, 'low_cost', 39, 3288, 'M2', 1540, 1640, 2140, 20190302, 20190228, 126, 172, 172, 172),(173, 1711, 'business', 20, 1741, 'J3', 1620, 1720, 2220, 20190303, 20190301, 98, 173, 173, 173),(174, 1527, 'business', 40, 3397, 'E6', 1720, 1820, 2320, 20190304, 20190302, 185, 174, 174, 174),(175, 1306, 'business', 27, 2285, 'B4', 1840, 1940, 240, 20190305, 20190303, 15, 175, 175, 175),(176, 1447, 'business', 40, 3336, 'C6', 1900, 2000, 320, 20190306, 20190304, 64, 176, 176, 176),(177, 347, 'low_cost', 59, 4950, 'D8', 1940, 2040, 450, 20190307, 20190305, 103, 177, 177, 177),(178, 896, 'business', 28, 2388, 'E7', 2020, 2120, 330, 20190308, 20190306, 19, 178, 178, 178),(179, 1118, 'business', 1, 140, 'F2', 2040, 2140, 230, 20190309, 20190307, 4, 179, 179, 179),(180, 1701, 'business', 14, 1193, 'G6', 2100, 2200, 320, 20190310, 20190308, 146, 180, 180, 180),(181, 1057, 'business', 58, 4905, 'H8', 2140, 2240, 430, 20190311, 20190309, 105, 181, 181, 181),(182, 1420, 'business', 38, 3217, 'I3', 2240, 2340, 550, 20190312, 20190310, 173, 182, 182, 182),(183, 1105, 'business', 50, 4175, 'J5', 1330, 1430, 1930, 20190313, 20190311, 218, 183, 183, 183),(184, 246, 'low_cost', 34, 2836, 'K2', 930, 1030, 1530, 20190314, 20190312, 116, 184, 184, 184),(185, 1128, 'business', 24, 2064, 'L5', 550, 650, 1150, 20190315, 20190313, 166, 185, 185, 185),(186, 1582, 'business', 17, 1459, 'M9', 1245, 1345, 1845, 20190316, 20190314, 174, 186, 186, 186),(187, 662, 'low_cost', 41, 3486, 'N2', 2225, 2325, 430, 20190317, 20190315, 21, 187, 187, 187),(188, 703, 'business', 36, 3053, 'O1', 140, 240, 740, 20190318, 20190316, 209, 188, 188, 188),(189, 1428, 'business', 57, 4793, 'P4', 200, 300, 800, 20190319, 20190317, 196, 189, 189, 189),(190, 695, 'low_cost', 4, 399, 'Q7', 220, 320, 820, 20190320, 20190318, 78, 190, 190, 190),(191, 269, 'low_cost', 21, 1773, 'R8', 240, 340, 840, 20190321, 20190319, 132, 191, 191, 191),(192, 646, 'low_cost', 0, 10, 'S5', 300, 400, 900, 20190322, 20190320, 223, 192, 192, 192),(193, 1441, 'business', 38, 3240, 'T7', 340, 440, 940, 20190323, 20190321, 221, 193, 193, 193),(194, 1110, 'business', 31, 2617, 'U2', 420, 520, 1020, 20190324, 20190322, 24, 194, 194, 194),(195, 1497, 'business', 31, 2585, 'V9', 440, 540, 1040, 20190325, 20190323, 28, 195, 195, 195),(196, 364, 'low_cost', 42, 3558, 'W8', 520, 620, 1120, 20190326, 20190324, 68, 196, 196, 196),(197, 732, 'business', 34, 2900, 'X3', 550, 650, 1150, 20190327, 20190325, 56, 197, 197, 197),(198, 907, 'business', 13, 1090, 'Y4', 1330, 1430, 1930, 20190328, 20190326, 59, 198, 198, 198),(199, 1118, 'business', 9, 767, 'Z8', 325, 425, 925, 20190329, 20190327, 133, 199, 199, 199),(200, 288, 'low_cost', 14, 1217, 'O0', 620, 720, 1220, 20190330, 20190328, 91, 200, 200, 200);
#fin insercion pasaje

#insercion pasajero
insert into pasajero values (1,1,"29337762C",28,"Leire ","Molina Arias",0,"Woodhill Avenue",1647,93371,56),(2,2,"81656298L",31,"Rubén ","Campos Garrido",1,"Elk Avenue",4385,11879,14),(3,3,"97311437R",1,"Santiago ","Vila Iglesias",1,"Raccoon Run",1531,94089,176),(4,4,"72258735A",28,"Patricia ","Serra Gimenez",0,"Gorby Lane",1857,95358,83),(5,5,"52677669X",25,"Alma ","Ibañez Martinez",0,"Bryan Avenue",4799,43614,154),(6,6,"15921544R",3,"Óliver ","Font Garrido",1,"Dennison Street",909,26473,177),(7,7,"62614368L",22,"Santiago ","Costa Castillo",1,"Ridge Road",2265,44947,88),(8,8,"31131198P",5,"Yaiza","Rodriguez Gonzalez",0,"Oak Avenue",1180,49287,179),(9,9,"58897427Q",1,"Aitor ","Pascual Fuentes",1,"Apple Lane",2465,90729,133),(10,10,"54148412H",7,"Andrés ","Lozano Saez",1,"Stout Street",3925,34298,198),(11,11,"35897677J",24,"Oriol ","Martinez Alonso",0,"Gateway Road",997,14432,33),(12,12,"36625115F",17,"Nora ","Gallardo Martinez",0,"Martha Ellen Drive",4583,10395,183),(13,13,"83291881A",9,"Esther","Santos Dominguez",0,"Fairmont Avenue",4849,10986,1),(14,14,"36226788V",28,"Isaac","Navarro Herrero",1,"Whitman Court",4183,99088,111),(15,15,"57547816E",0,"Francisco","Jimenez Fernandez",1,"Reppert Coal Road",4686,49530,193),(16,16,"91945124W",9,"Isaac","Muñoz Lopez",1,"Stonecoal Road",3436,20508,141),(17,17,"97548799A",2,"Jordi ","Marquez Vidal",1,"Oakway Lane",2470,45723,210),(18,18,"36415882M",17,"Elsa ","Marin Ortega",0,"Essex Court",3340,71690,11),(19,19,"56891449Y",27,"Eduardo","Marin Diez",1,"Atha Drive",461,53636,28),(20,20,"84553211J",15,"Nadia","Gil Calvo",0,"Pooz Street",385,81593,159),(21,21,"59169858N",13,"Rocío","Rodriguez Gimenez",0,"Hickman Street",3105,66794,215),(22,22,"31693457D",33,"Omar","Ferrer Alvarez",1,"Poe Road",1726,47051,17),(23,23,"67475241A",14,"Iván","Gallardo Caballero",1,"Adonais Way",36,19260,78),(24,24,"39168178Y",30,"Ignacio","Cano Navarro",1,"Musgrave Street",2927,51688,5),(25,25,"99474383G",23,"Abril ","Garcia Hidalgo",0,"Green Avenue",4501,50200,121),(26,26,"59113434F",36,"Salma ","Delgado Bravo",0,"Rosemont Avenue",1513,25901,10),(27,27,"51897593W",36,"Laia ","Navarro Marquez",0,"Boundary Street",3360,75070,211),(28,28,"18329754L",17,"Arturo","Cabrera Ibañez",1,"Red Dog Road",1992,67927,168),(29,29,"98538897C",37,"Candela","Casas Perez",0,"Lowndes Hill Park Road",2353,16109,48),(30,30,"55364466Q",21,"Aina","Casas Moreno",0,"Karen Lane",2221,12582,48),(31,31,"41956874K",9,"Julia","Roig Alvarez",0,"Kuhl Avenue",4138,11798,149),(32,32,"23373395J",25,"Unai ","Lozano Cano",1,"Robinson Lane",666,71220,100),(33,33,"32489255F",15,"Celia ","Vila Cabrera",0,"Hanifan Lane",1926,16480,71),(34,34,"96877554J",16,"Diego ","Garcia Nieto",1,"Cambridge Place",3676,16576,218),(35,35,"62618428P",22,"Aitor","Casas Reyes",1,"Corpening Drive",4386,80940,68),(36,36,"24398847X",39,"Héctor ","Parra Alonso",1,"Hornor Avenue",4250,74176,213),(37,37,"23734315V",24,"Héctor ","Parra Alonso",1,"Hawks Nest Lane",1404,23797,131),(38,38,"76399212C",8,"Nayara ","Vidal Herrera",0,"Lakewood Drive",3933,14172,63),(39,39,"75524853Y",6,"Celia ","Gutierrez Benitez",0,"Blue Spruce Lane",2836,49122,60),(40,40,"45753155Z",2,"Adria ","Vargas Perez",1,"Boring Lane",2737,29103,11),(41,41,"69983858X",32,"Alex ","Herrera Ibañez",1,"Airplane Avenue",4065,81936,170),(42,42,"77725934X",3,"Anna ","Sola Blanco",0,"Mattson Street",1306,94818,147),(43,43,"46764481F",9,"Juan ","Costa Romero",1,"North Street",834,61592,124),(44,44,"92379216S",23,"Alonso ","Sanchez Moreno",1,"Kennedy Court",3013,94525,77),(45,45,"12671557Y",19,"Alma ","Muñoz Garrido",0,"Cottrill Lane",4426,12529,109),(46,46,"22149235M",39,"Lola ","Castillo Carrasco",0,"Tavern Place",3317,79379,45),(47,47,"17873234A",0,"Francisco Javier","Grau Nieto",1,"Terry Lane",1238,53110,172),(48,48,"57182557A",40,"Marcos ","Gimenez Diez",1,"Hannah Street",3256,49431,209),(49,49,"48142751W",25,"Marco ","Rodriguez Rojas",1,"Rollins Road",2728,83453,145),(50,50,"24365172F",28,"Pedro ","Segura Sanchez",1,"Pine Street",4749,71552,172);
insert into pasajero values (51,51,"14278455D",12,"Raúl ","Reyes Alonso",1,"Emma Street",2430,91738,169),(52,52,"66738268L",23,"Pablo ","Blanco Suarez",1,"Clement Street",3851,21875,136),(53,53,"82978982L",2,"Iker ","Lopez Gallardo",1,"Fairmont Avenue",2868,67839,75),(54,54,"52159152M",35,"Asier ","Hernandez Benitez",1,"Martha Ellen Drive",4681,77650,96),(55,55,"75111284T",20,"Olivia ","Parra Fernandez",0,"Eagle Lane",3201,28152,84),(56,56,"48352415K",12,"Silvia ","Leon Reyes",0,"Diamond Street",4585,72507,149),(57,57,"65472275S",28,"Rafael","Puig Ortiz",1,"Par Drive",1629,81131,210),(58,58,"61367256J",10,"Jesús ","Pascual Ferrer",1,"Layman Avenue",3625,89535,216),(59,59,"77734784M",11,"Daniela ","Santos Nieto",0,"Austin Secret Lane",540,19388,156),(60,60,"46444241L",22,"Isaac ","Roig Gonzalez",1,"Saint Marys Avenue",811,41481,167),(61,61,"62783266M",6,"Saray ","Moreno Vidal",0,"Union Street",1374,59187,168),(62,62,"25187857M",34,"Aina ","Carrasco Soler",0,"Vernon Street",3160,62735,186),(63,63,"82554495C",26,"Helena ","Vila Pastor",0,"Charla Lane",501,32397,67),(64,64,"88343543Z",14,"Joan ","Romero Crespo",1,"Romano Street",15,64394,219),(65,65,"11146922H",9,"Lorena ","Gallardo Caballero",0,"Webster Street",3105,83079,55),(66,66,"52661689S",9,"Pedro ","Font Leon",1,"Brighton Circle Road",3001,75423,40),(67,67,"61259523N",39,"Mohamed ","Cabrera Diez",1,"Nancy Street",1318,56893,118),(68,68,"32498643B",14,"Carla ","Cortes Rodriguez",0,"Plainfield Avenue",1799,14457,191),(69,69,"28443117Y",12,"Darío ","Roca Morales",1,"Stone Lane",4845,66310,161),(70,70,"52983667Q",17,"Lara","Gil Medina",0,"Hillcrest Avenue",4754,73503,227),(71,71,"25314853H",28,"Pablo ","Vazquez Esteban",1,"Langtown Road",1625,62265,214),(72,72,"65116884C",1,"Enrique ","Vidal Montero",1,"Pine Garden Lane",3946,31467,2),(73,73,"79855846F",29,"Alicia ","Sala Bravo",0,"Wildwood Street",3761,75275,83),(74,74,"28582966S",37,"Ignacio ","Duran Gil",1,"Cambridge Place",3819,36992,41),(75,75,"62735434J",5,"Martín","Perez Blanco",1,"Cinnamon Lane",3315,72008,193),(76,76,"78249255N",33,"Aya ","Carmona Herrero",0,"Old House Drive",2804,38010,139),(77,77,"56786599J",1,"Bruno ","Nuñez Ibañez",1,"Spirit Drive",4210,90345,11),(78,78,"96951112V",29,"Álvaro ","Domenech Molina",1,"Olive Street",1792,54502,198),(79,79,"36256658X",2,"Asier ","Martin Ortiz",1,"Gorby Lane",3438,38732,125),(80,80,"12314262Q",10,"Paulo ","Mendez Moreno",1,"North Street",933,59069,143),(81,81,"85551131D",1,"Arturo ","Tomas Medina",1,"Railroad Street",3356,88244,35),(82,82,"95912153Z",34,"Diana ","Font Gallardo",0,"Water Street",4539,74740,65),(83,83,"34213877C",28,"Martina ","Torres Prieto",0,"Carson Street",4008,40901,34),(84,84,"75682491W",38,"Lara ","Segura Navarro",0,"Franklin Avenue",1956,80593,151),(85,85,"19737333K",33,"Luna ","Iglesias Pascual",0,"Mahlon Street",2223,62674,18),(86,86,"95676431L",17,"Hugo ","Hernandez Vega",1,"Broadway Avenue",3927,74647,172),(87,87,"63937338Y",20,"Jesús ","Cortes Soler",1,"Hart Country Lane",2653,63863,222),(88,88,"76314187A",3,"Noa ","Moreno Mora",0,"Margaret Street",3428,70987,143),(89,89,"46599217K",32,"Celia ","Serra Pascual",0,"Carolyns Circle",550,18276,12),(90,90,"53675344Z",25,"Laia ","Marin Leon",0,"Lochmere Lane",4897,69969,28),(91,91,"53742918Z",28,"Darío ","Cabrera Romero",1,"College Street",3300,63663,150),(92,92,"41932813H",21,"Adrian","Ferrer Caballero",1,"Roosevelt Street",685,75338,45),(93,93,"62676798G",25,"Naiara","Segura Dominguez",0,"Par Drive",1406,11872,106),(94,94,"15116995S",15,"Aitor ","Duran Ferrer",1,"Green Hill Road",4963,64372,214),(95,95,"57745793S",26,"Clara ","Fuentes Vidal",0,"Clover Drive",1614,22859,52),(96,96,"62531541S",17,"Martín ","Campos Leon",1,"Hillside Drive",3990,35752,71),(97,97,"22233366W",0,"Noelia ","Gomez Alonso",0,"Rockford Road",2010,16555,15),(98,98,"55552528F",37,"Juan","Sanz Lozano",1,"Lynn Ogden Lane",4759,13121,163),(99,99,"18186693H",26,"Diana ","Peña Gonzalez",0,"Ryder Avenue",2573,12002,154),(100,100,"32483416X",21,"Ismael ","Ortega Gallego",1,"Forest Avenue",2951,95879,175);
insert into pasajero values (101,101,"95823843R",15,"Lola ","Leon Iglesias",0,"Clifford Street",1345,61971,172),(102,102,"46254192L",13,"Anna ","Ortiz Gonzalez",0,"Ralph Drive",3861,46516,6),(103,103,"75512634T",28,"Yeray ","Castro Ortega",1," Hilltop Street",44,90734,181),(104,104,"13841397C",15,"David ","Hidalgo Guerrero",1,"Passaic Street",1873,94617,72),(105,105,"28257852Y",18,"Noa","Reyes Gonzalez",0,"Quarry Drive",4147,16390,183),(106,106,"88591922Q",32,"Naia","Molina Saez",0,"Stewart Street",4651,52023,9),(107,107,"44326667D",19,"Carmen","Garcia Flores",0,"Bedford Street",1224,15403,175),(108,108,"89158849Q",3,"África ","Dominguez Guerrero",0,"Hillcrest Circle",2640,30969,132),(109,109,"95313678E",27,"Sara ","Flores Carrasco",0,"Christie Way",1985,35945,21),(110,110,"33241827L",2,"Fabian ","Cardenas Correa",1,"Center Street",406,71778,99),(111,111,"31811676P",19,"Miguel Ángel","Rodriguez Arias",1,"Stanton Hollow Road",2051,69245,56),(112,112,"39631898T",22,"Helena ","Fuentes Moya",0,"Nicholas Street",1397,72513,160),(113,113,"98289594Z",8,"Mara ","Garcia Iglesias",0,"Shinn Avenue",224,83746,184),(114,114,"49768132L",38,"Elena ","Cano Alvarez",0,"Finwood Road",4706,66296,151),(115,115,"54456232Y",36,"Cristian ","Ramos Castro",1,"Gerald L. Bates Drive",4648,20892,120),(116,116,"11912878M",21,"César","Gomez Vega",1,"Peck Court",889,66444,39),(117,117,"75342573R",19,"Marcos ","Serra Dominguez",1,"Plainfield Avenue",3965,41643,138),(118,118,"52324837K",10,"Diego","Cabrera Ibañez",1,"Hanover Street",2135,14833,58),(119,119,"54692319K",36,"Adam","Gomez Ortiz",1,"Pinchelone Street",632,51229,216),(120,120,"52148378H",7,"Éric","Vidal Vargas",1,"Taylor Street",3561,11085,75),(121,121,"91934495E",17,"Nadia","Pons Ibañez",0,"Trails End Road",715,64608,37),(122,122,"36972586V",40,"Mar","Reyes Delgado",0,"Alfred Drive",3531,75131,15),(123,123,"14633332L",39,"Marti ","Domenech Ramos",1,"Tree Frog Lane",790,83483,138),(124,124,"69396237Q",38,"Abril ","Carrasco Ramirez",0,"Patterson Road",3168,82492,131),(125,125,"28692655V",11,"Blanca ","Tomas Gallego",0,"White Oak Drive",753,49043,49),(126,126,"83412898V",24,"José Manuel ","Blanco Esteban",1,"Driftwood Road",4321,86637,52),(127,127,"56286692B",12,"Unai ","Medina Vicente",1,"Thompson Street",2455,26279,87),(128,128,"91939611D",20,"Naia ","Gimenez Sanz",0,"Duffy Street",1313,89560,75),(129,129,"78833979F",29,"Alonso ","Serrano Torres",1,"Breezewood Court",620,98693,207),(130,130,"94467464R",37,"Javier ","Gomez Muñoz",1,"Lena Lane",4052,90500,67),(131,131,"22725831Z",32,"Silvia ","Cortes Esteban",0,"Hinkle Deegan Lake Road",1556,93149,90),(132,132,"53983629F",7,"Antonio ","Flores Nuñez",1,"Benson Street",1575,16155,202),(133,133,"99833153C",39,"Emma","Pujol Ramos",0,"Harley Vincent Drive",3041,54804,197),(134,134,"62365654G",9,"Lara","Lopez Cruz",0,"Junkins Avenue",3041,39131,167),(135,135,"29834269A",15,"Cristian","Carrasco Ruiz",1,"Birch Street",2444,21242,51),(136,136,"75549467X",22,"Arnau","Riera Velasco",1,"Pinewood Drive",1716,28472,191),(137,137,"42223329K",27,"Gabriel","Vila Santana",1,"Goldleaf Lane",901,45036,18),(138,138,"22652134D",19,"Naiara ","Dominguez Soler",0,"Rubaiyat Road",2850,37215,96),(139,139,"43626614F",29,"Salma","Font Ortega",0,"School House Road",999,83356,114),(140,140,"72564683M",36,"Aya ","Iglesias Alvarez",0,"Richison Drive",3842,15800,116),(141,141,"45852257D",29,"Darío","Fernandez Gimenez",1,"Stockert Hollow Road",1458,50286,193),(142,142,"51813542Q",30,"André ","Ducheylard Lolic",1,"Fulton Street",1276,89970,153),(143,143,"38584833X",33,"Francisco","Casas Flores",1,"Seneca Drive",4094,28199,196),(144,144,"11758661A",36,"Javier","Leon Alonso",1,"Rafe Lane",61,30052,5),(145,145,"92194648E",17,"Éric","Roca Fernandez",1,"Pine Garden Lane",3991,25787,94),(146,146,"88377947X",25,"Abril ","Rubio Carrasco",0,"Mandan Road",3813,48818,180),(147,147,"56873728H",26,"Mario ","Santos Benitez",1,"Byrd Lane",1636,72046,109),(148,148,"73296758J",30,"Nayara ","Lozano Campos",0,"Marietta Street",4115,35341,56),(149,149,"78325541F",14,"Lara ","Vidal Fernandez",0,"Glory Road",461,84412,50),(150,150,"17892429Q",40,"Gabriela","Serra Roman",0,"Southern Avenue",1771,37919,214);
insert into pasajero values (151,151,"17922423H",28,"Sergio ","Ortiz Sanz",1,"Courtright Street",366,11127,62),(152,152,"95185522E",0,"Juan ","Carmona Ortiz",1,"McVaney Road",126,51949,175),(153,153,"26476614A",31,"Gabriel ","Santos Dominguez",1,"Nickel Road",216,24202,184),(154,154,"23191686G",40,"Mohamed ","Pujol Carmona",1,"Spring Haven Trail",1645,89931,68),(155,155,"96571127S",18,"Raquel ","Iglesias Sanz",0,"Skips Lane",4357,43359,168),(156,156,"91263399C",2,"Ignacio","Iglesias Marquez",1,"Cemetery Street",2694,25320,70),(157,157,"52552739Q",38,"Paola","Gomez Sanchez",0,"Selah Way",4999,32310,98),(158,158,"72626611V",19,"Jordan ","Cardenas Mercado",1,"Oak Way",2850,46851,198),(159,159,"32599866B",2,"Samuel ","Costa Montero",1,"Coleman Avenue",2968,31997,193),(160,160,"19553247G",21,"Luna ","Sole Castillo",0,"George Avenue",778,29003,156),(161,161,"34975611V",32,"Carlos ","Hidalgo Prieto",1,"North Avenue",4008,70632,202),(162,162,"52669118S",3,"Guillermo","Mora Garrido",1,"Crim Lane",3714,81580,87),(163,163,"33486177V",23,"Andrea ","Medina Martinez",0,"Sycamore Circle",4426,69230,130),(164,164,"44881117K",34,"Ariadna","Caballero Benitez",0,"Sunset Drive",4915,26570,40),(165,165,"71447322F",21,"Italo ","Cararo Alvarez",1,"Grove Avenue",1307,19465,206),(166,166,"16813418G",0,"Leyre ","Ibañez Herrera",0,"Moonlight Drive",2826,60357,53),(167,167,"49253421W",15,"Miguel Ángel","Lopez Sanz",1,"Geraldine Lane",286,11524,221),(168,168,"95331513D",5,"Joel ","Domenech Jimenez",1,"Oakdale Avenue",509,18766,60),(169,169,"76898313K",11,"Mario ","Carrasco Blanco",1,"Austin Secret Lane",727,83290,25),(170,170,"55488424G",2,"Noa","Riera Pastor",0,"Little Street",40,76743,85),(171,171,"25188449E",24,"Sofía","Ortega Torres",0,"Bluff Street",2477,91309,154),(172,172,"29765967B",14,"Francisco","Gimenez Sanchez",1,"Parrish Avenue",67,27278,29),(173,173,"41184461V",6,"Iván ","Domenech Ruiz",1,"Randolph Street",2755,97434,164),(174,174,"65944843W",16,"Érik","Diaz Rodriguez",1,"Pringle Drive",532,81136,121),(175,175,"74876794H",0,"Isaac ","Fernandez Medina",1,"Buffalo Creek Road",4259,97214,16),(176,176,"74254639J",9,"Lidia ","Castro Iglesias",0,"Joyce Street",2989,25727,8),(177,177,"13997155E",9,"Nayara ","Cano Castillo",0,"Coal Street",4206,47642,122),(178,178,"18526239S",34,"Andrés ","Garcia Bravo",1,"Corbin Branch Road",195,85179,225),(179,179,"82751886W",25,"Biel ","Riera Delgado",1,"Tibbs Avenue",1977,94193,223),(180,180,"49246526F",3,"Paola ","Carmona Duran",0,"Custer Street",2964,23878,101),(181,181,"75645247H",16,"Berta","Casas Campos",0,"Hinkle Lake Road",1341,48840,10),(182,182,"97522596C",24,"Roberto ","Marin Arias",1,"Hewes Avenue",2398,60157,185),(183,183,"79274646V",14,"Aina","Gimenez Vazquez",0,"Woodside Circle",2048,12192,20),(184,184,"57426142H",3,"Carlota","Peña Santos",0,"Murry Street",3741,11930,222),(185,185,"32393483F",38,"Ángel ","Iglesias Gonzalez",1,"Ventura Drive",1087,30565,213),(186,186,"41864663V",32,"Nil","Ortega Benitez",1,"Cerullo Road",4813,25881,213),(187,187,"81957836G",7,"Aitana","Cano Carrasco",0,"Felosa Drive",2969,27937,77),(188,188,"64255569D",13,"Emma ","Sola Vargas",0,"Davis Street",2822,67900,82),(189,189,"57837269C",30,"Hanz ","Sanchez Cano",1,"Stratford Drive",3425,54516,76),(190,190,"31734341E",8,"Óliver ","Pujol Leon",1,"Hillcrest Avenue",2586,76963,115),(191,191,"61526675L",32,"Iker ","Marti Duran",1,"Conference Center Way",4267,29226,41),(192,192,"75582654P",12,"Yaiza ","Soler Herrera",0,"Eastland Avenue",2720,74773,209),(193,193,"82243583E",8,"Carlos","Torres Ramos",1,"Bruce Street",1643,48220,218),(194,194,"79347364D",30,"Saray ","Sala Diaz",0,"Holt Street",4882,70753,217),(195,195,"92619622W",15,"Martín ","Castillo Gomez",1,"School House Road",3437,14888,186),(196,196,"14362683B",15,"Jaime","Ferrer Moreno",1,"Harron Drive",3700,89624,174),(197,197,"34488283J",7,"Manuel ","Moreno Moya",1,"Cecil Street",3700,21700,53),(198,198,"77741872D",17,"Alex ","Tomas Cabrera",1,"Lyndon Street",1786,72702,87),(199,199,"13168678M",36,"Izán ","Alvarez Prieto",1,"West Fork Drive",2098,94672,32),(200,200,"65936639D",20,"Gonzalo","Alonso Saez",1,"Golden Ridge Road",2039,41750,183);
#fin insercion pasajero

#insercion millas_pasajero
INSERT INTO millas_pasajero (id, millas) VALUES (1, 1000),(2, 3000),(3, 2000),(4, 304),(5, 4899),(6, 209),(7, 3949),(8, 4326),(9, 1880),(10, 1116),(11, 2188),(12, 314),(13, 4720),(14, 1226),(15, 2264),(16, 1513),(17, 2350),(18, 3037),(19, 4393),(20, 4980),(21, 1043),(22, 1851),(23, 4117),(24, 1361),(25, 1263),(26, 30),(27, 546),(28, 3541),(29, 3500),(30, 1677),(31, 2351),(32, 4649),(33, 1820),(34, 2986),(35, 2887),(36, 2094),(37, 3762),(38, 1254),(39, 3040),(40, 4962),(41, 915),(42, 358),(43, 828),(44, 2267),(45, 984),(46, 2277),(47, 498),(48, 4298),(49, 4376),(50, 3145),(51, 932),(52, 3495),(53, 1410),(54, 3177),(55, 3411),(56, 118),(57, 25),(58, 2716),(59, 2414),(60, 1236),(61, 3500),(62, 1620),(63, 4971),(64, 4409),(65, 3023),(66, 1165),(67, 4210),(68, 4830),(69, 1168),(70, 1665),(71, 1204),(72, 1555),(73, 4212),(74, 29),(75, 898),(76, 4917),(77, 3985),(78, 4582),(79, 2875),(80, 3126),(81, 3446),(82, 4520),(83, 1016),(84, 1646),(85, 4433),(86, 3588),(87, 2642),(88, 3848),(89, 1123),(90, 1641),(91, 2532),(92, 1080),(93, 3582),(94, 4016),(95, 372),(96, 4365),(97, 2390),(98, 1835),(99, 1535),(100, 3500),(101, 2759),(102, 1638),(103, 776),(104, 2583),(105, 4741),(106, 5),(107, 1419),(108, 3558),(109, 70),(110, 3189),(111, 3768),(112, 1676),(113, 993),(114, 3084),(115, 1087),(116, 3462),(117, 1884),(118, 4306),(119, 4212),(120, 4058),(121, 856),(122, 2486),(123, 1973),(124, 1636),(125, 596),(126, 1420),(127, 3978),(128, 1899),(129, 556),(130, 1112),(131, 4908),(132, 545),(133, 1307),(134, 327),(135, 443),(136, 1002),(137, 1260),(138, 749),(139, 4119),(140, 3632),(141, 1228),(142, 460),(143, 1877),(144, 1093),(145, 3252),(146, 2022),(147, 1906),(148, 2543),(149, 1939),(150, 106),(151, 1338),(152, 1852),(153, 4101),(154, 256),(155, 3755),(156, 2112),(157, 829),(158, 4082),(159, 2029),(160, 256),(161, 277),(162, 1899),(163, 4952),(164, 1763),(165, 4322),(166, 1606),(167, 3235),(168, 1039),(169, 2953),(170, 2354),(171, 964),(172, 3288),(173, 1741),(174, 3397),(175, 2285),(176, 3336),(177, 4950),(178, 2388),(179, 140),(180, 1193),(181, 4905),(182, 3217),(183, 4175),(184, 2836),(185, 2064),(186, 1459),(187, 3486),(188, 3053),(189, 4793),(190, 399),(191, 1773),(192, 10),(193, 3240),(194, 2617),(195, 2585),(196, 3558),(197, 2900),(198, 1090),(199, 767),(200, 1217);
#fin insercion millas_pasajero

#insercion en alianza
INSERT INTO ALIANZA VALUES ("LATAM",137,1022,1003,1124),("Asociacion García",117,1032,1063,1132),("Asociacion Bayo",179,1006,1049,1147),("LATAM",2,1139,1007,1198),("LATAM",42,1168,1070,1056),("Asociacion Matas",32,1108,1106,1001),("Asociacion Salazar",200,1161,1018,1185),("LATAM",122,1083,1032,1068),("LATAM",48,1186,1116,1099),("LATAM",13,1187,1067,1051),("Asociacion Álvarez",191,1043,1076,1133),("Asociacion Rubio",167,1166,1045,1177),("Asociacion Arenas",16,1192,1182,1127),("Asociacion Antúnez",149,1089,1101,1101),("Asociacion Acevedo",129,1178,1148,1065),("LATAM",67,1080,1128,1008),("Asociacion Quevedo",114,1184,1093,1003),("LATAM",55,1020,1035,1143),("LATAM",78,1176,1089,1108),("LATAM",33,1176,1087,1101),("Asociacion Mesa",57,1043,1075,1024),("Asociacion Saiz",94,1075,1156,1114),("Asociacion Orozco",188,1179,1157,1191),("Asociacion Mayoral",39,1050,1134,1118),("Asociacion Monzón",101,1130,1122,1154),("Asociacion Estévez",163,1129,1074,1007),("Asociacion Martínez",117,1056,1030,1108),("Asociacion Díaz",161,1006,1052,1028),("Asociacion Santos",174,1137,1145,1013),("Asociacion Codina",129,1031,1190,1148),("Asociacion Delgado",143,1048,1106,1157),("Asociacion Pereira",53,1112,1023,1026),("Asociacion López",4,1075,1148,1139),("LATAM",18,1109,1111,1000),("LATAM",86,1086,1043,1079),("Asociacion Verdú",82,1171,1158,1108),("LATAM",176,1126,1123,1095),("Asociacion Torres",160,1166,1102,1054),("Asociacion Rego",21,1107,1014,1108),("Asociacion Suarez",60,1068,1130,1010),("LATAM",175,1082,1110,1126),("LATAM",161,1111,1051,1068),("Asociacion Montero",129,1113,1188,1049),("Asociacion Casado",39,1194,1059,1194),("Asociacion Ferrando",180,1135,1158,1064),("LATAM",37,1150,1022,1040),("Asociacion Rodríguez",59,1102,1185,1196),("LATAM",70,1042,1046,1038),("LATAM",134,1018,1082,1193),("Asociacion Mateo",177,1050,1035,1116),("Asociacion Taylor",132,1081,1153,1038),("LATAM",63,1109,1013,1015),("Asociacion Lemos",100,1028,1060,1164),("LATAM",43,1035,1051,1085),("Asociacion Centeno",9,1048,1044,1039),("LATAM",65,1128,1102,1066),("Asociacion Montoro",157,1174,1092,1025),("LATAM",150,1164,1045,1141),("Asociacion Carbonell",29,1198,1084,1177),("Asociacion Martin",160,1078,1035,1143),("Asociacion Alarcón",126,1093,1136,1116),("Asociacion Badía",129,1160,1143,1199),("Asociacion Villalba",108,1021,1028,1161),("Asociacion Ruiz",160,1117,1118,1165),("LATAM",17,1185,1147,1028),("LATAM",171,1045,1056,1007),("Asociacion Contreras",142,1046,1105,1116),("Asociacion Alonso",174,1173,1072,1153),("Asociacion Caballero",186,1048,1051,1027),("Asociacion Egido",186,1013,1186,1141),("Asociacion Portillo",146,1112,1029,1097),("Asociacion Sanz",70,1192,1028,1199),("LATAM",73,1056,1078,1050),("Asociacion Pineda",11,1156,1022,1102),("LATAM",127,1176,1165,1016),("Asociacion Oliva",144,1110,1120,1084),("Asociacion Rivas",54,1102,1055,1038),("LATAM",123,1170,1077,1172),("LATAM",113,1180,1132,1152),("LATAM",60,1078,1147,1013),("Asociacion Castro",100,1058,1132,1048),("Asociacion Calvo",69,1084,1035,1138),("Asociacion Tirado",138,1176,1059,1112),("Asociacion Muñoz",154,1000,1163,1079),("Asociacion Zapata",165,1106,1172,1031),("Asociacion Illán",150,1069,1152,1198),("Asociacion Vera",158,1014,1051,1148),("Asociacion Acuña",112,1151,1142,1121),("LATAM",163,1015,1146,1090),("LATAM",62,1119,1044,1086),("LATAM",191,1198,1045,1103),("Asociacion Heras",40,1080,1162,1043),("LATAM",105,1101,1134,1198),("LATAM",23,1078,1164,1199),("Asociacion Sureda",121,1124,1199,1054),("Asociacion Valero",32,1077,1143,1111),("Asociacion Rojas",78,1184,1189,1140),("Asociacion Guerrero",132,1080,1055,1077),("Asociacion Prado",97,1191,1124,1056),("Asociacion De la Torre",21,1111,1179,1135),("Asociacion Goñi",149,1014,1134,1067),("Asociacion Calderón",105,1082,1199,1000),("LATAM",97,1102,1126,1162),("Asociacion Salado",99,1054,1177,1044),("LATAM",179,1021,1013,1098),("Asociacion Huertas",143,1159,1090,1056),("LATAM",15,1028,1068,1171),("LATAM",173,1137,1035,1029),("LATAM",195,1076,1101,1129),("LATAM",51,1133,1005,1138),("Asociacion Miras",52,1135,1130,1093),("Asociacion Morón",101,1174,1073,1119),("Asociacion Rivero",132,1065,1174,1092),("Asociacion Diez",173,1036,1136,1194),("Asociacion Arnaiz",162,1151,1008,1155),("Asociacion Flores",120,1025,1030,1079),("Asociacion Tomas",154,1120,1041,1013),("Asociacion Cuesta",83,1054,1151,1154),("Asociacion Quispe",40,1191,1024,1105),("LATAM",52,1144,1008,1132),("Asociacion Luis",107,1004,1011,1167),("LATAM",40,1010,1088,1094),("Asociacion Cano",57,1178,1060,1091),("LATAM",131,1030,1199,1010),("LATAM",32,1053,1177,1018),("LATAM",174,1168,1021,1036),("Asociacion Posada",56,1147,1022,1031),("Asociacion Mercado",143,1150,1194,1011),("Asociacion Marín",2,1076,1083,1022),("Asociacion Holgado",112,1176,1195,1056),("Asociacion Aguirre",94,1130,1159,1173),("Asociacion Ventura",87,1068,1175,1037),("Asociacion Enrique",11,1192,1015,1190),("Asociacion Romero",23,1167,1133,1005),("LATAM",139,1067,1122,1109),("LATAM",11,1146,1096,1040),("LATAM",5,1037,1125,1148),("Asociacion Mondéjar",178,1047,1063,1197),("Asociacion Galdeano",134,1141,1187,1179),("Asociacion Ferreira",47,1104,1064,1155),("Asociacion Carrillo",116,1173,1079,1165),("LATAM",3,1005,1132,1132),("LATAM",50,1172,1163,1000),("Asociacion Salguero",4,1101,1018,1188),("LATAM",9,1057,1034,1180),("Asociacion Pastor",33,1030,1098,1172),("LATAM",83,1074,1198,1069),("Asociacion Alfaro",124,1132,1003,1130),("Asociacion Freire",133,1165,1055,1025),("Asociacion Torralba",157,1114,1099,1039),("Asociacion Crespo",7,1180,1032,1102),("Asociacion Moreno",74,1083,1188,1062),("Asociacion Andrade",38,1081,1145,1110),("Asociacion Collado",140,1171,1077,1110),("Asociacion De la Cruz",92,1047,1170,1184),("Asociacion Alcázar",91,1078,1036,1026),("Asociacion Sanjuán",20,1019,1009,1174),("LATAM",180,1192,1056,1062),("Asociacion Machuca",29,1142,1089,1117),("Asociacion Millán",96,1043,1049,1157),("LATAM",21,1127,1198,1142),("Asociacion De Miguel",52,1099,1023,1014),("Asociacion Anguita",39,1062,1018,1136),("LATAM",125,1021,1080,1128),("LATAM",153,1129,1089,1085),("Asociacion Polanco",131,1122,1144,1120),("Asociacion Valiente",93,1148,1075,1020),("Asociacion Bernal",85,1059,1140,1174),("Asociacion Montalbán",13,1024,1029,1129),("Asociacion Segarra",1,1171,1016,1041),("Asociacion Ruano",98,1002,1159,1149),("Asociacion Yáñez",151,1009,1122,1039),("Asociacion Solorzano",54,1001,1171,1139),("Asociacion Villaescusa",92,1093,1055,1115),("Asociacion Oliveira",77,1096,1075,1129),("Asociacion Jin",111,1134,1168,1004),("Asociacion Cabrera",54,1106,1129,1032),("Asociacion Torrecillas",2,1001,1006,1132),("Asociacion Madrigal",114,1020,1160,1103),("Asociacion Carro",60,1145,1183,1029),("Asociacion Guirao",144,1199,1063,1169),("Asociacion Mármol",100,1054,1144,1006),("Asociacion Gallegos",167,1023,1173,1138),("Asociacion Peris",24,1028,1066,1187),("Asociacion Vélez",33,1014,1137,1176),("Asociacion Novillo",193,1008,1096,1168),("Asociacion Núñez",193,1089,1129,1142),("Asociacion Camps",8,1047,1076,1162),("LATAM",16,1195,1016,1076),("LATAM",89,1012,1083,1007),("Asociacion Vilaplana",166,1009,1063,1138),("Asociacion Cobo",81,1193,1088,1078),("Asociacion Sola",92,1163,1109,1101),("LATAM",133,1178,1033,1028),("LATAM",121,1173,1166,1192),("Asociacion Gutiérrez",116,1173,1108,1047),("LATAM",169,1137,1085,1118),("Asociacion Montilla",120,1049,1106,1139),("LATAM",145,1009,1176,1089),("Asociacion Moro",12,1049,1149,1103);


#fin insercion alianza

#insercion vuelo_aeropuerto
INSERT INTO VUELO_AEROPUERTO VALUES (64,"JWA"),(108,"JUZ"),(187,"JUR"),(145,"JUO"),(139,"JUN"),(70,"JUJ"),(162,"JUA"),(72,"JTI"),(59,"JSR"),(185,"JSM"),(32,"JRN"),(19,"JPR"),(56,"JPA"),(67,"JOI"),(22,"JNZ"),(94,"JNI"),(107,"JNG"),(87,"JNA"),(145,"JMU"),(83,"JLS"),(41,"JJN"),(61,"JIU"),(183,"JIP"),(75,"JIL"),(168,"JIB"),(76,"JIA"),(86,"JHQ"),(198,"JHN"),(141,"JHL"),(77,"JHG"),(98,"JGN"),(24,"JFM"),(68,"JEQ"),(46,"JDZ"),(197,"JDO"),(9,"JDF"),(169,"JCR"),(119,"JCM"),(122,"JCK"),(90,"JCB"),(117,"JAP"),(17,"JAM"),(29,"JAD"),(10,"JAB"),(181,"JAA"),(150,"IWH"),(157,"IVW"),(5,"IVR"),(53,"IVO"),(88,"IUM"),(133,"ITR"),(83,"ITQ"),(189,"ITP"),(199,"ITN"),(191,"ITJ"),(177,"ITI"),(27,"ITE"),(104,"ITB"),(104,"ITA"),(157,"ISI"),(173,"ISE"),(166,"ISA"),(35,"IRJ"),(157,"IRG"),(77,"IRE"),(140,"IRD"),(49,"IQQ"),(187,"IQN"),(57,"IQM"),(84,"IPU"),(86,"IPN"),(152,"IPI"),(79,"IPG"),(38,"IPC"),(21,"INN"),(122,"INM"),(120,"INJ"),(92,"ING"),(171,"INC"),(46,"INB"),(156,"IMZ"),(133,"IMP"),(95,"ILF"),(16,"ILB"),(131,"IKP"),(41,"IJU"),(199,"IGU"),(2,"IGR"),(86,"IGO"),(195,"IGH"),(82,"IGB"),(148,"IFL"),(129,"IFF"),(119,"IDO"),(154,"IDK"),(52,"ICR"),(98,"IBE"),(49,"HZG"),(102,"HYN"),(162,"HXX"),(116,"HWK"),(60,"HVB"),(73,"HUZ"),(124,"HUK"),(19,"HUB"),(157,"HTZ"),(115,"HTU"),(53,"HTN"),(26,"HTI"),(152,"HSN"),(70,"HSM"),(58,"HSC"),(173,"HRZ"),(91,"HRY"),(48,"HRR"),(64,"HRN"),(139,"HRG"),(172,"HRB"),(71,"HPE"),(120,"HOS"),(152,"HOK"),(126,"HOH"),(98,"HOG"),(149,"HNY"),(97,"HNK"),(91,"HMI"),(7,"HMG"),(176,"HLV"),(144,"HLT"),(69,"HLS"),(130,"HLL"),(131,"HLH"),(168,"HLD"),(26,"HKV"),(77,"HIS"),(192,"HIP"),(186,"HIH"),(146,"HIG"),(17,"HID"),(177,"HGH"),(191,"HGD"),(138,"HFE"),(116,"HET"),(100,"HEK"),(33,"HEA"),(185,"HCQ"),(135,"HBE"),(115,"HBA"),(135,"HAV"),(93,"HAT"),(6,"HAP"),(162,"HAK"),(166,"HAH"),(20,"GZI"),(95,"GYP"),(78,"GYN"),(173,"GYL"),(172,"GYE"),(97,"GYD"),(122,"GYA"),(88,"GXX"),(23,"GXQ"),(104,"GVR"),(96,"GVP"),(200,"GUZ"),(116,"GUL"),(140,"GUJ"),(51,"GUH"),(60,"GTT"),(43,"GTS"),(64,"GTE"),(55,"GSQ"),(189,"GSN"),(171,"GSL"),(167,"GSC"),(177,"GRZ"),(81,"GRU"),(16,"GRP"),(163,"GRG"),(70,"GRA"),(37,"GPS"),(180,"GPO"),(186,"GPN"),(13,"GPL"),(37,"GPI"),(200,"GPB"),(115,"GOZ"),(93,"GOW"),(23,"GOV"),(121,"GOU"),(101,"GOS"),(178,"GOQ"),(167,"GOO"),(54,"GNZ"),(138,"GNR"),(167,"GNM"),(92,"GNE"),(147,"GNA"),(2,"GMS"),(17,"GME"),(4,"GMC"),(176,"GLY"),(135,"GLT"),(142,"GLM"),(21,"GLI"),(176,"GLG"),(47,"GLF"),(145,"GKL"),(89,"GJM"),(182,"GIR"),(36,"GIG"),(81,"GID"),(121,"GIC"),(57,"GHU"),(189,"GHN"),(55,"GGS"),(122,"GGL"),(77,"GGD"),(89,"GFN"),(2,"GFF"),(84,"GFE"),(37,"GEX"),(56,"GET"),(76,"GER"),(85,"GEL"),(112,"GEE"),(192,"GEC"),(140,"GDP"),(115,"GDD"),(66,"GCA"),(152,"GBV"),(142,"GBP"),(15,"GBL"),(121,"GBE"),(8,"GAO"),(66,"GAH"),(108,"GAA"),(149,"FYT"),(125,"FYN"),(145,"FVR"),(141,"FVL"),(138,"FUO"),(125,"FUG"),(46,"FTE"),(99,"FSL"),(103,"FRW"),(105,"FRT"),(140,"FRC"),(78,"FRB"),(71,"FOT"),(138,"FOS"),(123,"FOR"),(200,"FON"),(87,"FOM"),(13,"FOC"),(150,"FMG"),(74,"FMA"),(106,"FLY"),(186,"FLS"),(14,"FLP"),(93,"FLN"),(188,"FLC"),(9,"FLB"),(5,"FIZ"),(123,"FIK"),(106,"FFU"),(45,"FEN"),(123,"FEJ"),(190,"FEC"),(19,"FBE"),(195,"FBD"),(57,"FAH"),(15,"EZE"),(195,"EYP"),(88,"EXM"),(148,"EVO"),(106,"EVN"),(165,"EVL"),(87,"EVH"),(154,"EUO"),(154,"EUC"),(22,"ETD"),(82,"ESR"),(197,"ESM"),(163,"ESI"),(200,"ERN"),(192,"ERM"),(29,"ERL"),(171,"ERB"),(155,"EQS"),(162,"EPR"),(162,"EPK"),(30,"EPA"),(143,"EOH"),(188,"ENY"),(2,"ENH"),(163,"ENB"),(18,"EMY"),(176,"EMX"),(5,"EMD"),(147,"ELT"),(47,"ELO"),(134,"ELJ"),(130,"ELC"),(8,"ELB"),(10,"EKD"),(60,"EJA"),(59,"EIH"),(75,"EHL"),(39,"EDR"),(155,"EDD"),(67,"ECR"),(130,"ECO"),(21,"ECN"),(47,"ECH"),(198,"EBW"),(119,"EBJ"),(133,"EBG"),(179,"DZU"),(122,"DYW"),(52,"DYM"),(60,"DYL"),(17,"DYG"),(40,"DYA"),(94,"DXD"),(124,"DVR"),(96,"DVP"),(11,"DUO"),(113,"DSN"),(170,"DSC"),(130,"DRY"),(42,"DRW"),(118,"DRR"),(58,"DRN"),(77,"DRD"),(27,"DRB"),(90,"DPO"),(76,"DOX"),(68,"DOU"),(102,"DON"),(137,"DOM"),(58,"DNM"),(179,"DNH"),(168,"DNG"),(36,"DNB"),(186,"DMT"),(177,"DMD"),(197,"DLV"),(62,"DLU"),(26,"DLK"),(4,"DLC"),(154,"DLA"),(150,"DKV"),(115,"DKI"),(19,"DJA"),(3,"DIQ"),(65,"DIG"),(190,"DHD"),(14,"DGM"),(166,"DGF"),(145,"DGE"),(90,"DGD"),(100,"DGA"),(141,"DFP"),(151,"DDI"),(26,"DDG"),(99,"DCF"),(164,"DBY"),(136,"DBV"),(78,"DBO"),(78,"DBB"),(139,"DAZ"),(13,"DAX"),(175,"DAT"),(83,"DAS"),(40,"DAK"),(31,"DAJ"),(57,"DAC"),(103,"CZY"),(89,"CZX"),(158,"CZU"),(69,"CZS"),(43,"CZH"),(155,"CZB"),(36,"CYO"),(114,"CYG"),(7,"CYC"),(75,"CXT"),(37,"CXQ"),(35,"CXJ"),(156,"CXH"),(34,"CXB"),(143,"CWW"),(95,"CWT"),(58,"CWR"),(74,"CWB"),(110,"CVQ"),(4,"CVI"),(180,"CVH"),(80,"CVE"),(40,"CVC"),(126,"CUY"),(157,"CUT"),(158,"CUQ"),(110,"CUO"),(55,"CUK"),(13,"CUI"),(140,"CUG"),(177,"CUE"),(63,"CUD"),(105,"CUC"),(31,"CTU"),(84,"CTR"),(13,"CTQ"),(134,"CTP"),(187,"CTN"),(200,"CTL"),(88,"CTG"),(188,"CTC"),(162,"CSX"),(161,"CSW"),(138,"CSU"),(157,"CSS"),(161,"CSR"),(12,"CSI"),(114,"CSD"),(50,"CSC"),(84,"CRY"),(140,"CRR"),(9,"CRQ"),(167,"CRL"),(10,"CRJ"),(100,"CRH"),(16,"CRD"),(121,"CRC"),(9,"CRB"),(168,"CQT"),(75,"CQS"),(90,"CQP"),(116,"CQA"),(61,"CPV"),(180,"CPU"),(85,"CPQ"),(84,"CPO"),(114,"CPL"),(69,"CPH"),(102,"CPG"),(51,"CPD"),(171,"CPC"),(127,"CPB"),(40,"COY"),(82,"COW"),(155,"COR"),(120,"COO"),(22,"COJ"),(53,"COG"),(60,"COC"),(176,"COB"),(183,"CNV"),(23,"CNT"),(197,"CNS"),(105,"CNR"),(134,"CNQ"),(140,"CNL"),(133,"CNJ"),(181,"CNI"),(31,"CNF"),(86,"CNC"),(76,"CNB"),(167,"CMW"),(115,"CMT"),(96,"CMQ"),(93,"CMP"),(108,"CML"),(120,"CMG"),(64,"CMD"),(44,"CMC"),(88,"CMA"),(198,"CLX"),(151,"CLV"),(162,"CLO"),(24,"CLN"),(159,"CLH"),(57,"CLA"),(108,"CKS"),(71,"CKO"),(105,"CKI"),(65,"CKG"),(166,"CJH"),(90,"CJD"),(168,"CJC"),(2,"CIZ"),(21,"CIM"),(51,"CIJ"),(159,"CIH"),(90,"CIF"),(55,"CIE"),(162,"CHW"),(19,"CHG"),(111,"CGV"),(176,"CGR"),(190,"CGQ"),(80,"CGP"),(103,"CGO"),(149,"CGH"),(193,"CGD"),(188,"CGB"),(167,"CFS"),(199,"CFQ"),(20,"CFP"),(167,"CFO"),(172,"CFI"),(132,"CFH"),(172,"CFG"),(64,"CFC"),(51,"CES"),(79,"CEP"),(3,"CED"),(126,"CDU"),(112,"CDQ"),(44,"CDJ"),(150,"CDI"),(90,"CDA"),(20,"CCX"),(89,"CCW"),(107,"CCT"),(70,"CCQ"),(94,"CCP"),(167,"CCO"),(189,"CCN"),(77,"CCM"),(50,"CCL"),(62,"CCI"),(27,"CCH"),(37,"CCC"),(153,"CBY"),(69,"CBX"),(47,"CBW"),(25,"CBR"),(175,"CBI"),(82,"CBC"),(139,"CBB"),(157,"CAZ"),(10,"CAW"),(58,"CAU"),(21,"CAQ"),(172,"CAN"),(175,"CAM"),(36,"CAI"),(11,"CAF"),(38,"CAC"),(181,"BZP"),(200,"BZL"),(72,"BZE"),(183,"BZD"),(42,"BZC"),(73,"BYX"),(57,"BYR"),(20,"BYM"),(200,"BYC"),(36,"BWU"),(149,"BWT"),(199,"BWQ"),(95,"BWN"),(6,"BWK"),(83,"BWB"),(91,"BVZ"),(69,"BVX"),(124,"BVW"),(13,"BVS"),(24,"BVR"),(68,"BVM"),(119,"BVL"),(99,"BVK"),(187,"BVI"),(60,"BVH"),(4,"BVB"),(198,"BUY"),(98,"BUN"),(119,"BUC"),(2,"BTX"),(27,"BTD"),(146,"BTA"),(83,"BST"),(124,"BSS"),(119,"BSJ"),(199,"BSD"),(15,"BSC"),(177,"BSB"),(96,"BRU"),(199,"BRT"),(34,"BRK"),(107,"BRJ"),(121,"BRC"),(61,"BRB"),(27,"BRA"),(200,"BQW"),(25,"BQT"),(103,"BQQ"),(21,"BQL"),(180,"BQB"),(108,"BPX"),(145,"BPS"),(173,"BPM"),(46,"BPL"),(93,"BPG"),(99,"BPC"),(178,"BOX"),(55,"BOJ"),(92,"BOG"),(84,"BNU"),(21,"BNK"),(30,"BNE"),(55,"BMS"),(111,"BMP"),(52,"BME"),(118,"BLT"),(77,"BLS"),(136,"BLN"),(71,"BLL"),(101,"BLC"),(154,"BKR"),(60,"BKQ"),(115,"BKP"),(132,"BJP"),(78,"BJO"),(117,"BJM"),(40,"BIW"),(4,"BIP"),(68,"BIN"),(20,"BHY"),(157,"BHT"),(126,"BHS"),(17,"BHQ"),(200,"BHI"),(62,"BHF"),(144,"BHA"),(141,"BGX"),(186,"BGV"),(167,"BGK"),(61,"BGI"),(77,"BGG"),(151,"BGA"),(51,"BFX"),(135,"BFU"),(94,"BFH"),(150,"BFC"),(70,"BEU"),(50,"BEO"),(53,"BEL"),(57,"BEE"),(134,"BDW"),(196,"BDD"),(76,"BDC"),(48,"BDB"),(116,"BDA"),(174,"BCZ"),(192,"BCV"),(110,"BCR"),(9,"BCL"),(52,"BCK"),(103,"BCI"),(191,"BCH"),(173,"BCA"),(121,"BBM"),(146,"BBK"),(183,"BBE"),(188,"BBA"),(18,"BAZ"),(38,"BAV"),(47,"BAU"),(171,"BAT"),(139,"BAQ"),(98,"BAK"),(136,"BAI"),(187,"BAH"),(86,"BAC"),(37,"AZT"),(48,"AYR"),(123,"AYQ"),(123,"AYN"),(26,"AYL"),(64,"AYI"),(9,"AYG"),(190,"AYD"),(102,"AYC"),(34,"AYA"),(140,"AXM"),(28,"AXL"),(147,"AXE"),(102,"AXC"),(45,"AWP"),(81,"AWN"),(68,"AVV"),(110,"AVI"),(121,"AVG"),(103,"AUX"),(172,"AUU"),(124,"AUE"),(77,"AUD"),(93,"AUC"),(149,"AUB"),(152,"AUA"),(68,"ATZ"),(147,"ATV"),(115,"ATM"),(197,"ATF"),(130,"ASW"),(51,"ASP"),(69,"ASC"),(173,"ASA"),(28,"ARY"),(128,"ARU"),(130,"ARS"),(77,"ARR"),(99,"ARQ"),(26,"ARO"),(120,"ARM"),(103,"ARI"),(184,"ARF"),(182,"AQM"),(94,"AQG"),(24,"AQA"),(23,"APZ"),(105,"APY"),(7,"APX"),(120,"APU"),(84,"APS"),(42,"APQ"),(93,"APO"),(125,"API"),(107,"APB"),(11,"AOL"),(143,"AOG"),(56,"AOD"),(25,"ANZ"),(28,"ANT"),(65,"ANR"),(135,"ANF"),(54,"AMX"),(77,"AMT"),(93,"AMO"),(91,"AMJ"),(126,"AMC"),(12,"ALY"),(162,"ALT"),(190,"ALQ"),(158,"ALH"),(185,"AKV"),(73,"AKU"),(186,"AKT"),(17,"AKM"),(60,"AKA"),(99,"AJU"),(130,"AJN"),(100,"AIR"),(11,"AII"),(84,"AIF"),(173,"AGY"),(191,"AGW"),(39,"AFL"),(109,"AFI"),(26,"AFA"),(84,"AEP"),(198,"AEH"),(60,"ADZ"),(164,"ADO"),(81,"ADN"),(71,"ADL"),(64,"ACR"),(187,"ACM"),(69,"ACL"),(63,"ACD"),(156,"ABS"),(24,"ABM"),(152,"ABH"),(114,"ABG"),(112,"AAX"),(49,"AAT"),(39,"AAR"),(81,"AAL"),(2,"AAI"),(143,"AAG"),(151,"AAC"),(139,"AAB");
#fin insercion vuelo_aeropuerto

#insercion pais_pasajero
INSERT INTO PAIS_PASAJERO VALUES(6,157),(173,7),(19,144),(167,163),(169,70),(126,119),(18,162),(188,90),(102,168),(69,150),(3,121),(66,21),(218,22),(81,120),(205,84),(172,18),(201,174),(146,170),(81,117),(172,125),(125,6),(218,189),(79,168),(164,58),(183,49),(40,43),(25,151),(4,50),(111,126),(112,164),(224,64),(151,189),(182,153),(182,145),(62,115),(224,144),(54,41),(100,37),(90,132),(145,49),(176,200),(38,56),(226,139),(77,162),(118,81),(8,83),(125,89),(226,186),(20,95),(211,63),(60,36),(102,148),(42,153),(78,182),(53,160),(50,112),(45,41),(116,99),(72,128),(146,58),(145,115),(158,64),(21,59),(210,108),(140,148),(114,114),(174,167),(122,74),(202,7),(161,23),(136,153),(163,138),(15,106),(101,69),(145,162),(168,72),(18,19),(192,87),(100,19),(225,150),(204,195),(71,47),(171,96),(67,95),(68,33),(215,127),(155,62),(169,51),(221,52),(201,18),(66,193),(156,169),(31,182),(186,107),(26,181),(87,160),(52,196),(96,81),(106,142),(87,114),(151,122),(99,36),(151,127),(192,45),(183,106),(74,6),(196,175),(145,22),(86,131),(111,129),(5,124),(35,65),(110,95),(125,54),(50,17),(156,100),(57,51),(107,86),(42,80),(214,190),(189,180),(34,110),(23,178),(218,171),(23,156),(10,195),(154,71),(82,1),(214,43),(86,197),(222,33),(146,135),(207,173),(152,190),(90,158),(3,81),(77,180),(92,105),(25,112),(127,166),(94,35),(1,165),(192,67),(219,190),(27,58),(128,118),(227,155),(219,37),(171,197),(12,110),(164,194),(195,194),(97,184),(154,43),(115,146),(128,92),(76,106),(130,97),(69,103),(78,69),(39,185),(94,165),(121,3),(144,55),(71,111),(103,65),(60,182),(183,19),(36,80),(166,58),(10,63),(209,167),(141,35),(89,182),(110,77),(16,21),(120,190),(169,177),(227,103),(119,91),(147,136),(136,25),(65,163),(176,190),(218,16),(36,28),(169,78),(92,76),(21,183),(42,50),(121,199),(106,150),(153,167),(61,56),(107,94),(32,31),(138,37),(69,164),(69,183),(107,168),(170,38),(88,47),(92,49),(199,25),(50,15),(133,164),(109,4),(25,6),(31,164),(122,44),(1,113),(71,10),(111,81),(153,190),(135,105),(17,151),(112,150),(215,30),(32,59),(186,167),(25,178),(44,20),(200,20),(54,40),(203,5),(47,150),(130,148),(204,129),(71,128),(121,59),(25,11),(39,124),(14,45),(200,32),(155,122),(87,1),(112,145),(100,4),(145,112),(184,177),(163,167),(33,32),(11,98),(198,101),(179,39),(137,177),(169,40),(196,71),(142,196),(204,123),(89,91),(218,147),(217,145),(153,156),(100,82),(149,192),(96,127),(155,114),(176,104),(90,117),(96,71),(206,182),(171,48),(111,186),(32,179),(169,83),(30,8),(217,118),(29,199),(91,135),(61,44),(63,108),(121,161),(174,20),(26,94),(42,33),(123,8),(216,109),(220,86),(197,16),(3,55),(207,106),(30,40),(222,129),(65,32),(17,161),(147,128),(168,96),(153,87),(31,84),(222,106),(127,12),(170,185),(122,143),(197,106),(4,165),(92,139),(192,133),(107,101),(214,197),(109,105),(67,117),(158,83),(36,122),(208,162),(123,72),(166,173),(138,71),(49,29),(69,108),(211,180),(225,92),(38,57),(122,82),(158,6),(76,62),(23,188),(139,58),(177,81),(77,94),(148,139),(10,115),(156,115),(74,172),(38,79),(169,28),(61,83),(74,21),(59,159),(191,53),(54,176),(42,123),(206,77),(130,170),(50,40),(63,18),(18,132),(63,141),(140,60),(227,34),(172,174),(144,15),(159,73),(64,5),(190,165),(216,98),(1,86),(143,180),(70,130),(135,155),(153,183),(112,179),(146,5),(83,133),(57,179),(37,57),(2,57),(192,145),(87,100),(167,43),(101,1),(94,4),(142,140),(99,14),(40,193),(22,29),(56,23),(95,11),(226,155),(18,200),(120,78),(112,81),(190,144),(164,141),(164,46),(115,22),(26,187),(180,104),(38,152),(15,68),(137,143),(8,175),(32,90),(60,167),(203,145),(116,199),(157,199),(95,8),(36,54),(79,84),(95,118),(215,133),(49,34),(145,37),(215,98),(35,25),(176,65),(98,72),(50,160),(152,125),(56,83),(87,157),(38,188),(173,162),(158,199),(77,160),(118,183),(182,184),(138,93),(28,92),(47,124),(1,128),(137,44),(122,47),(71,4),(1,1),(191,20),(128,39),(3,177),(18,142),(90,162),(113,125),(210,170),(102,190),(162,13),(44,6),(73,173),(143,148),(86,133),(148,106),(27,176),(180,149),(211,179),(127,79),(57,82),(96,152),(53,188);
#fin insercion pais_pasajero

#LLAMADAS
CALL InsertarPasaje(201, 1, "business", 99, 10000, "A1", 1000, 1100, 1200, 20181115, 20181115, 69, 200, 1, 200);
CALL ModificarPasaje(201, 45, "business", 39, 60000, "B1", 1000, 1100, 1200, 20181115, 20181115, 69, 200, 1, 200);
CALL EliminarPasaje(201);


#CONSULTAS
#consulta 1 (cambiamos la condicion de 120 dolares a 450 dolares, los pasajes estan muy caros :c)

SELECT PASAJE.id, PASAJERO.nombres, PASAJERO.apellidos, PASAJERO.id_pais, PASAJE.precio, PASAJE.fecha_salida
FROM PASAJE 	
	INNER JOIN PASAJERO
    WHERE precio < 450 && fecha_salida BETWEEN '20181001' AND '20181231' && PASAJE.id = PASAJERO.id_pasaje;
	
    
#consulta 2 (extendimos el intervalo de fechas, era temporada baja :c ahora es desde enero a noviembre)

SELECT PASAJE.id, PASAJE.millas_acumulables, MILLAS_PASAJERO.millas, PAISES.visa, PAISES.pasaporte
	FROM PASAJERO
	INNER JOIN PASAJE ON PASAJE.id = PASAJERO.id_pasaje
	INNER JOIN PAISES ON PASAJE.id_pais_inicial = PAISES.id
    INNER JOIN MILLAS_PASAJERO on MILLAS_PASAJERO.id = PASAJERO.id
    WHERE PASAJE.fecha_salida BETWEEN '20180101' AND '20181131' && PAISES.visa = FALSE && PAISES.pasaporte = TRUE && MILLAS_PASAJERO.millas > 2000 && PASAJE.millas_acumulables > 1000;
    
#consulta 3 (se extendio la fecha de busqueda desde septiembre de 2018 a marzo 2019)

SELECT PASAJERO.nombres, PASAJERO.apellidos, PASAJERO.numero_viajes, PASAJE.fecha_salida, PASAJE.precio, PAISES.visa, ALIANZA.nombre
	FROM PASAJERO
	INNER JOIN PASAJE ON PASAJE.id = PASAJERO.id_pasaje
    INNER JOIN PAISES ON PASAJE.id_pais_inicial = PAISES.id
    INNER JOIN ALIANZA ON PASAJERO.id = ALIANZA.id_pasajero
    WHERE PASAJE.fecha_salida BETWEEN '20180901' AND '20190331' && PAISES.visa = false && PASAJE.precio > 100 && PASAJERO.numero_viajes > 2 && ALIANZA.nombre = 'LATAM';



SELECT * FROM INFO_VUELOS;
SELECT * FROM HISTORIALPASAJERO;
SELECT * FROM REGISTRO_PASAJERO;

/*SELECT *FROM PAIS_PASAJERO;
SELECT *FROM PAISES;
SELECT *FROM AEROLINEAS;
SELECT *FROM AVION;
SELECT *FROM AEROPUERTO;
SELECT *FROM VUELOS;
SELECT *FROM PASAJE;
SELECT *FROM PASAJERO;
SELECT *FROM MILLAS_PASAJERO;
SELECT *FROM ALIANZA;
SELECT *FROM VUELO_AEROPUERTO;
SELECT *FROM Info_Vuelos;
SELECT *FROM HistorialPasajero;
SELECT * FROM REGISTRO_PASAJERO;*/